id,customer_id,store_id,subtotal,tax_paid,order_total,ordered_at
1,39,5,747.24,74.72,821.96,2020-01-01
2,29,3,606.99,60.7,667.69,2020-01-02
3,15,3,484.75,48.48,533.23,2020-01-03
4,43,1,393.7,39.37,433.07,2020-01-04
5,8,1,855.69,85.57,941.26,2020-01-05
6,21,1,229.43,22.94,252.37,2020-01-06
7,39,2,487.09,48.71,535.8,2020-01-07
8,19,4,913.38,91.34,1004.72,2020-01-08
9,23,2,861.26,86.13,947.39,2020-01-09
10,11,4,460.85,46.09,506.94,2020-01-10
11,11,4,786.8,78.68,865.48,2020-01-11
12,24,3,840.84,84.08,924.92,2020-01-12
13,36,3,900.0,90.0,990.0,2020-01-13
14,40,4,590.06,59.01,649.07,2020-01-14
15,24,4,284.01,28.4,312.41,2020-01-15
16,3,2,329.78,32.98,362.76,2020-01-16
17,22,2,366.13,36.61,402.74,2020-01-17
18,2,3,634.42,63.44,697.86,2020-01-18
19,24,1,129.53,12.95,142.48,2020-01-19
20,44,4,672.44,67.24,739.68,2020-01-20
21,30,2,427.92,42.79,470.71,2020-01-21
22,38,3,365.72,36.57,402.29,2020-01-22
23,2,2,891.55,89.16,980.71,2020-01-23
24,21,4,514.0,51.4,565.4,2020-01-24
25,33,4,185.55,18.56,204.11,2020-01-25
26,12,5,844.07,84.41,928.48,2020-01-26
27,22,1,142.88,14.29,157.17,2020-01-27
28,44,5,754.07,75.41,829.48,2020-01-28
29,25,3,796.52,79.65,876.17,2020-01-29
30,49,2,417.34,41.73,459.07,2020-01-30
31,27,3,842.31,84.23,926.54,2020-01-31
32,42,4,564.09,56.41,620.5,2020-02-01
33,28,5,516.96,51.7,568.66,2020-02-02
34,16,5,140.86,14.09,154.95,2020-02-03
35,15,5,361.03,36.1,397.13,2020-02-04
36,47,3,937.91,93.79,1031.7,2020-02-05
37,44,4,452.64,45.26,497.9,2020-02-06
38,3,2,592.03,59.2,651.23,2020-02-07
39,37,2,578.82,57.88,636.7,2020-02-08
40,7,3,631.39,63.14,694.53,2020-02-09
41,21,5,155.2,15.52,170.72,2020-02-10
42,9,1,425.96,42.6,468.56,2020-02-11
43,39,3,750.82,75.08,825.9,2020-02-12
44,18,3,280.5,28.05,308.55,2020-02-13
45,4,4,283.22,28.32,311.54,2020-02-14
46,25,2,109.08,10.91,119.99,2020-02-15
47,14,3,493.73,49.37,543.1,2020-02-16
48,50,3,894.46,89.45,983.91,2020-02-17
49,9,5,146.71,14.67,161.38,2020-02-18
50,26,5,272.01,27.2,299.21,2020-02-19
51,2,1,379.08,37.91,416.99,2020-02-20
52,20,4,758.55,75.86,834.41,2020-02-21
53,28,1,676.57,67.66,744.23,2020-02-22
54,47,5,474.35,47.44,521.79,2020-02-23
55,7,2,783.16,78.32,861.48,2020-02-24
56,44,5,648.67,64.87,713.54,2020-02-25
57,8,4,906.44,90.64,997.08,2020-02-26
58,47,5,836.22,83.62,919.84,2020-02-27
59,35,4,327.53,32.75,360.28,2020-02-28
60,14,4,344.29,34.43,378.72,2020-02-29
61,17,4,212.82,21.28,234.1,2020-03-01
62,36,4,403.27,40.33,443.6,2020-03-02
63,50,4,999.59,99.96,1099.55,2020-03-03
64,40,2,465.18,46.52,511.7,2020-03-04
65,4,1,298.44,29.84,328.28,2020-03-05
66,2,3,786.23,78.62,864.85,2020-03-06
67,6,1,588.22,58.82,647.04,2020-03-07
68,42,4,234.64,23.46,258.1,2020-03-08
69,4,2,442.62,44.26,486.88,2020-03-09
70,29,5,473.02,47.3,520.32,2020-03-10
71,18,2,778.45,77.85,856.3,2020-03-11
72,26,4,118.6,11.86,130.46,2020-03-12
73,44,2,342.12,34.21,376.33,2020-03-13
74,34,2,565.84,56.58,622.42,2020-03-14
75,10,4,341.96,34.2,376.16,2020-03-15
76,36,2,665.59,66.56,732.15,2020-03-16
77,14,3,533.68,53.37,587.05,2020-03-17
78,31,3,425.54,42.55,468.09,2020-03-18
79,48,2,954.29,95.43,1049.72,2020-03-19
80,15,5,668.94,66.89,735.83,2020-03-20
81,8,4,216.95,21.7,238.65,2020-03-21
82,14,3,604.08,60.41,664.49,2020-03-22
83,23,5,802.66,80.27,882.93,2020-03-23
84,40,2,737.64,73.76,811.4,2020-03-24
85,21,5,254.88,25.49,280.37,2020-03-25
86,16,1,975.18,97.52,1072.7,2020-03-26
87,45,3,503.93,50.39,554.32,2020-03-27
88,18,2,243.12,24.31,267.43,2020-03-28
89,47,4,262.18,26.22,288.4,2020-03-29
90,24,2,188.41,18.84,207.25,2020-03-30
91,26,4,823.17,82.32,905.49,2020-03-31
92,25,2,209.83,20.98,230.81,2020-04-01
93,45,5,212.61,21.26,233.87,2020-04-02
94,41,5,865.42,86.54,951.96,2020-04-03
95,29,5,410.14,41.01,451.15,2020-04-04
96,15,1,127.77,12.78,140.55,2020-04-05
97,45,4,146.71,14.67,161.38,2020-04-06
98,1,5,227.95,22.8,250.75,2020-04-07
99,25,1,292.05,29.2,321.25,2020-04-08
100,7,4,698.63,69.86,768.49,2020-04-09
101,9,2,241.59,24.16,265.75,2020-04-10
102,24,1,206.99,20.7,227.69,2020-04-11
103,1,3,788.25,78.82,867.07,2020-04-12
104,44,1,703.95,70.4,774.35,2020-04-13
105,8,1,491.79,49.18,540.97,2020-04-14
106,24,4,594.38,59.44,653.82,2020-04-15
107,11,2,380.79,38.08,418.87,2020-04-16
108,17,3,534.25,53.42,587.67,2020-04-17
109,8,5,556.01,55.6,611.61,2020-04-18
110,35,5,448.51,44.85,493.36,2020-04-19
111,35,1,915.91,91.59,1007.5,2020-04-20
112,33,4,114.46,11.45,125.91,2020-04-21
113,5,4,803.95,80.4,884.35,2020-04-22
114,42,5,211.94,21.19,233.13,2020-04-23
115,39,3,817.79,81.78,899.57,2020-04-24
116,41,2,654.32,65.43,719.75,2020-04-25
117,28,3,858.95,85.9,944.85,2020-04-26
118,7,2,187.76,18.78,206.54,2020-04-27
119,9,5,603.08,60.31,663.39,2020-04-28
120,8,2,550.98,55.1,606.08,2020-04-29
121,12,4,735.57,73.56,809.13,2020-04-30
122,34,1,580.86,58.09,638.95,2020-05-01
123,33,1,586.66,58.67,645.33,2020-05-02
124,48,5,486.64,48.66,535.3,2020-05-03
125,23,4,377.95,37.8,415.75,2020-05-04
126,24,3,534.04,53.4,587.44,2020-05-05
127,37,4,206.64,20.66,227.3,2020-05-06
128,35,1,965.36,96.54,1061.9,2020-05-07
129,44,1,742.97,74.3,817.27,2020-05-08
130,40,4,957.22,95.72,1052.94,2020-05-09
131,22,4,304.05,30.4,334.45,2020-05-10
132,27,1,891.41,89.14,980.55,2020-05-11
133,35,3,827.91,82.79,910.7,2020-05-12
134,1,5,709.44,70.94,780.38,2020-05-13
135,35,5,662.53,66.25,728.78,2020-05-14
136,37,4,384.89,38.49,423.38,2020-05-15
137,47,5,834.77,83.48,918.25,2020-05-16
138,14,1,551.36,55.14,606.5,2020-05-17
139,3,1,163.8,16.38,180.18,2020-05-18
140,1,4,381.58,38.16,419.74,2020-05-19
141,5,4,941.77,94.18,1035.95,2020-05-20
142,26,4,865.61,86.56,952.17,2020-05-21
143,14,3,983.72,98.37,1082.09,2020-05-22
144,39,5,665.19,66.52,731.71,2020-05-23
145,27,4,322.76,32.28,355.04,2020-05-24
146,9,2,246.53,24.65,271.18,2020-05-25
147,15,2,268.22,26.82,295.04,2020-05-26
148,15,1,117.82,11.78,129.6,2020-05-27
149,26,5,451.61,45.16,496.77,2020-05-28
150,42,4,272.28,27.23,299.51,2020-05-29
151,13,2,470.49,47.05,517.54,2020-05-30
152,32,5,941.49,94.15,1035.64,2020-05-31
153,39,1,487.49,48.75,536.24,2020-06-01
154,49,3,890.19,89.02,979.21,2020-06-02
155,32,5,644.95,64.5,709.45,2020-06-03
156,4,5,322.42,32.24,354.66,2020-06-04
157,30,3,420.27,42.03,462.3,2020-06-05
158,37,5,175.53,17.55,193.08,2020-06-06
159,23,1,400.12,40.01,440.13,2020-06-07
160,39,1,709.79,70.98,780.77,2020-06-08
161,45,3,164.9,16.49,181.39,2020-06-09
162,15,4,284.86,28.49,313.35,2020-06-10
163,43,2,443.3,44.33,487.63,2020-06-11
164,29,4,983.84,98.38,1082.22,2020-06-12
165,36,5,806.38,80.64,887.02,2020-06-13
166,13,2,760.14,76.01,836.15,2020-06-14
167,32,3,204.57,20.46,225.03,2020-06-15
168,7,3,802.9,80.29,883.19,2020-06-16
169,22,2,806.74,80.67,887.41,2020-06-17
170,28,1,640.99,64.1,705.09,2020-06-18
171,2,2,991.33,99.13,1090.46,2020-06-19
172,42,5,392.73,39.27,432.0,2020-06-20
173,45,1,947.15,94.72,1041.87,2020-06-21
174,6,3,923.26,92.33,1015.59,2020-06-22
175,28,2,110.33,11.03,121.36,2020-06-23
176,28,4,505.1,50.51,555.61,2020-06-24
177,44,4,979.39,97.94,1077.33,2020-06-25
178,44,5,192.81,19.28,212.09,2020-06-26
179,20,4,593.01,59.3,652.31,2020-06-27
180,30,2,981.06,98.11,1079.17,2020-06-28
181,11,2,599.95,60.0,659.95,2020-06-29
182,28,4,270.83,27.08,297.91,2020-06-30
183,25,2,623.96,62.4,686.36,2020-07-01
184,39,5,284.0,28.4,312.4,2020-07-02
185,33,1,567.73,56.77,624.5,2020-07-03
186,1,5,166.64,16.66,183.3,2020-07-04
187,27,5,644.93,64.49,709.42,2020-07-05
188,13,2,565.11,56.51,621.62,2020-07-06
189,41,1,766.15,76.61,842.76,2020-07-07
190,3,2,667.63,66.76,734.39,2020-07-08
191,39,3,594.65,59.46,654.11,2020-07-09
192,6,2,720.8,72.08,792.88,2020-07-10
193,8,2,229.55,22.96,252.51,2020-07-11
194,27,2,635.82,63.58,699.4,2020-07-12
195,9,1,254.9,25.49,280.39,2020-07-13
196,37,2,932.97,93.3,1026.27,2020-07-14
197,33,1,161.5,16.15,177.65,2020-07-15
198,42,4,487.34,48.73,536.07,2020-07-16
199,44,3,726.22,72.62,798.84,2020-07-17
200,24,1,512.22,51.22,563.44,2020-07-18
201,15,4,182.89,18.29,201.18,2020-07-19
202,32,1,598.04,59.8,657.84,2020-07-20
203,32,1,677.47,67.75,745.22,2020-07-21
204,24,3,733.41,73.34,806.75,2020-07-22
205,41,5,435.93,43.59,479.52,2020-07-23
206,49,5,607.29,60.73,668.02,2020-07-24
207,49,1,505.62,50.56,556.18,2020-07-25
208,12,2,704.85,70.48,775.33,2020-07-26
209,39,4,625.2,62.52,687.72,2020-07-27
210,2,2,573.18,57.32,630.5,2020-07-28
211,3,2,324.57,32.46,357.03,2020-07-29
212,49,1,101.82,10.18,112.0,2020-07-30
213,37,1,256.67,25.67,282.34,2020-07-31
214,49,1,205.36,20.54,225.9,2020-08-01
215,17,1,504.18,50.42,554.6,2020-08-02
216,49,5,651.03,65.1,716.13,2020-08-03
217,2,1,291.78,29.18,320.96,2020-08-04
218,2,5,945.15,94.52,1039.67,2020-08-05
219,28,5,106.01,10.6,116.61,2020-08-06
220,23,1,795.07,79.51,874.58,2020-08-07
221,37,3,662.68,66.27,728.95,2020-08-08
222,32,4,436.2,43.62,479.82,2020-08-09
223,33,2,145.44,14.54,159.98,2020-08-10
224,1,5,664.74,66.47,731.21,2020-08-11
225,19,4,447.05,44.71,491.76,2020-08-12
226,2,3,942.64,94.26,1036.9,2020-08-13
227,44,2,587.79,58.78,646.57,2020-08-14
228,26,2,945.69,94.57,1040.26,2020-08-15
229,32,5,298.44,29.84,328.28,2020-08-16
230,6,1,753.15,75.32,828.47,2020-08-17
231,32,3,655.52,65.55,721.07,2020-08-18
232,4,5,765.47,76.55,842.02,2020-08-19
233,11,3,293.2,29.32,322.52,2020-08-20
234,17,1,698.5,69.85,768.35,2020-08-21
235,38,1,548.24,54.82,603.06,2020-08-22
236,24,5,768.54,76.85,845.39,2020-08-23
237,5,1,394.34,39.43,433.77,2020-08-24
238,34,4,901.05,90.1,991.15,2020-08-25
239,6,2,175.87,17.59,193.46,2020-08-26
240,22,5,826.47,82.65,909.12,2020-08-27
241,11,3,875.19,87.52,962.71,2020-08-28
242,48,4,835.53,83.55,919.08,2020-08-29
243,16,5,561.45,56.15,617.6,2020-08-30
244,33,1,494.55,49.46,544.01,2020-08-31
245,9,1,996.64,99.66,1096.3,2020-09-01
246,6,1,306.25,30.62,336.87,2020-09-02
247,16,1,592.19,59.22,651.41,2020-09-03
248,29,3,703.61,70.36,773.97,2020-09-04
249,3,4,730.78,73.08,803.86,2020-09-05
250,20,2,283.62,28.36,311.98,2020-09-06
251,36,3,688.59,68.86,757.45,2020-09-07
252,19,3,836.53,83.65,920.18,2020-09-08
253,26,2,145.02,14.5,159.52,2020-09-09
254,3,2,920.37,92.04,1012.41,2020-09-10
255,19,1,126.55,12.66,139.21,2020-09-11
256,20,3,420.37,42.04,462.41,2020-09-12
257,32,5,114.23,11.42,125.65,2020-09-13
258,7,2,169.43,16.94,186.37,2020-09-14
259,41,2,920.05,92.0,1012.05,2020-09-15
260,33,4,419.37,41.94,461.31,2020-09-16
261,40,5,482.29,48.23,530.52,2020-09-17
262,39,5,293.81,29.38,323.19,2020-09-18
263,18,2,637.39,63.74,701.13,2020-09-19
264,40,1,635.32,63.53,698.85,2020-09-20
265,1,4,434.98,43.5,478.48,2020-09-21
266,11,5,399.73,39.97,439.7,2020-09-22
267,28,2,896.47,89.65,986.12,2020-09-23
268,25,5,444.96,44.5,489.46,2020-09-24
269,50,4,544.15,54.42,598.57,2020-09-25
270,23,4,354.97,35.5,390.47,2020-09-26
271,31,3,808.09,80.81,888.9,2020-09-27
272,30,2,457.7,45.77,503.47,2020-09-28
273,42,4,562.25,56.22,618.47,2020-09-29
274,35,3,328.02,32.8,360.82,2020-09-30
275,7,3,988.89,98.89,1087.78,2020-10-01
276,16,5,362.35,36.24,398.59,2020-10-02
277,26,5,793.67,79.37,873.04,2020-10-03
278,48,3,484.75,48.48,533.23,2020-10-04
279,49,5,285.6,28.56,314.16,2020-10-05
280,2,4,819.75,81.98,901.73,2020-10-06
281,1,1,400.25,40.03,440.28,2020-10-07
282,48,4,878.67,87.87,966.54,2020-10-08
283,12,3,923.73,92.37,1016.1,2020-10-09
284,5,3,873.84,87.38,961.22,2020-10-10
285,37,4,131.51,13.15,144.66,2020-10-11
286,32,5,808.64,80.86,889.5,2020-10-12
287,9,5,470.21,47.02,517.23,2020-10-13
288,41,3,886.35,88.64,974.99,2020-10-14
289,35,2,674.16,67.42,741.58,2020-10-15
290,19,5,850.28,85.03,935.31,2020-10-16
291,48,4,549.49,54.95,604.44,2020-10-17
292,16,5,581.52,58.15,639.67,2020-10-18
293,3,4,229.95,23.0,252.95,2020-10-19
294,20,3,805.59,80.56,886.15,2020-10-20
295,24,5,477.45,47.74,525.19,2020-10-21
296,33,4,550.07,55.01,605.08,2020-10-22
297,24,3,806.59,80.66,887.25,2020-10-23
298,11,2,638.96,63.9,702.86,2020-10-24
299,49,4,280.99,28.1,309.09,2020-10-25
300,8,2,631.21,63.12,694.33,2020-10-26
301,36,2,466.87,46.69,513.56,2020-10-27
302,38,1,522.57,52.26,574.83,2020-10-28
303,40,5,125.48,12.55,138.03,2020-10-29
304,20,4,289.03,28.9,317.93,2020-10-30
305,35,2,352.93,35.29,388.22,2020-10-31
306,48,1,741.66,74.17,815.83,2020-11-01
307,25,3,110.34,11.03,121.37,2020-11-02
308,35,4,467.9,46.79,514.69,2020-11-03
309,25,2,931.62,93.16,1024.78,2020-11-04
310,29,5,200.69,20.07,220.76,2020-11-05
311,18,1,564.78,56.48,621.26,2020-11-06
312,46,2,807.87,80.79,888.66,2020-11-07
313,18,5,948.28,94.83,1043.11,2020-11-08
314,2,2,772.1,77.21,849.31,2020-11-09
315,35,4,748.51,74.85,823.36,2020-11-10
316,16,4,843.84,84.38,928.22,2020-11-11
317,41,4,501.58,50.16,551.74,2020-11-12
318,36,1,825.26,82.53,907.79,2020-11-13
319,33,4,107.17,10.72,117.89,2020-11-14
320,4,5,932.1,93.21,1025.31,2020-11-15
321,33,2,498.98,49.9,548.88,2020-11-16
322,14,3,598.04,59.8,657.84,2020-11-17
323,21,5,329.39,32.94,362.33,2020-11-18
324,48,5,768.28,76.83,845.11,2020-11-19
325,20,4,168.97,16.9,185.87,2020-11-20
326,8,1,885.37,88.54,973.91,2020-11-21
327,7,2,845.31,84.53,929.84,2020-11-22
328,3,1,294.45,29.44,323.89,2020-11-23
329,17,2,828.39,82.84,911.23,2020-11-24
330,33,2,807.72,80.77,888.49,2020-11-25
331,48,1,668.99,66.9,735.89,2020-11-26
332,12,5,436.17,43.62,479.79,2020-11-27
333,22,2,344.35,34.44,378.79,2020-11-28
334,22,1,308.61,30.86,339.47,2020-11-29
335,46,2,386.75,38.68,425.43,2020-11-30
336,30,3,913.2,91.32,1004.52,2020-12-01
337,38,5,169.88,16.99,186.87,2020-12-02
338,38,4,845.98,84.6,930.58,2020-12-03
339,45,2,414.0,41.4,455.4,2020-12-04
340,8,3,569.44,56.94,626.38,2020-12-05
341,27,4,815.04,81.5,896.54,2020-12-06
342,27,4,895.94,89.59,985.53,2020-12-07
343,34,2,410.3,41.03,451.33,2020-12-08
344,21,1,515.66,51.57,567.23,2020-12-09
345,30,2,473.06,47.31,520.37,2020-12-10
346,33,3,111.93,11.19,123.12,2020-12-11
347,28,4,366.35,36.64,402.99,2020-12-12
348,47,2,513.27,51.33,564.6,2020-12-13
349,33,1,469.98,47.0,516.98,2020-12-14
350,5,2,749.74,74.97,824.71,2020-12-15
351,48,5,446.32,44.63,490.95,2020-12-16
352,19,1,540.44,54.04,594.48,2020-12-17
353,4,3,486.65,48.66,535.31,2020-12-18
354,35,4,766.56,76.66,843.22,2020-12-19
355,49,2,876.68,87.67,964.35,2020-12-20
356,17,1,578.7,57.87,636.57,2020-12-21
357,44,5,810.49,81.05,891.54,2020-12-22
358,28,1,367.11,36.71,403.82,2020-12-23
359,30,5,587.23,58.72,645.95,2020-12-24
360,29,3,410.71,41.07,451.78,2020-12-25
361,46,4,472.78,47.28,520.06,2020-12-26
362,6,3,759.17,75.92,835.09,2020-12-27
363,35,2,893.5,89.35,982.85,2020-12-28
364,41,1,209.35,20.94,230.29,2020-12-29
365,37,5,671.18,67.12,738.3,2020-12-30
366,24,5,623.93,62.39,686.32,2020-12-31
367,29,1,206.57,20.66,227.23,2021-01-01
368,49,1,290.7,29.07,319.77,2021-01-02
369,46,2,379.9,37.99,417.89,2021-01-03
370,31,3,250.24,25.02,275.26,2021-01-04
371,35,5,319.36,31.94,351.3,2021-01-05
372,33,2,340.84,34.08,374.92,2021-01-06
373,21,3,402.11,40.21,442.32,2021-01-07
374,32,2,774.45,77.45,851.9,2021-01-08
375,23,5,614.72,61.47,676.19,2021-01-09
376,33,1,987.62,98.76,1086.38,2021-01-10
377,3,1,473.26,47.33,520.59,2021-01-11
378,18,3,778.48,77.85,856.33,2021-01-12
379,25,4,884.32,88.43,972.75,2021-01-13
380,42,3,711.08,71.11,782.19,2021-01-14
381,31,4,470.68,47.07,517.75,2021-01-15
382,3,2,778.24,77.82,856.06,2021-01-16
383,40,2,283.3,28.33,311.63,2021-01-17
384,46,5,394.8,39.48,434.28,2021-01-18
385,24,4,592.02,59.2,651.22,2021-01-19
386,50,5,617.87,61.79,679.66,2021-01-20
387,32,1,119.93,11.99,131.92,2021-01-21
388,47,4,950.6,95.06,1045.66,2021-01-22
389,22,3,726.96,72.7,799.66,2021-01-23
390,23,1,546.13,54.61,600.74,2021-01-24
391,2,1,939.81,93.98,1033.79,2021-01-25
392,27,3,495.19,49.52,544.71,2021-01-26
393,42,1,982.39,98.24,1080.63,2021-01-27
394,2,4,561.06,56.11,617.17,2021-01-28
395,26,5,202.86,20.29,223.15,2021-01-29
396,17,1,788.32,78.83,867.15,2021-01-30
397,40,4,711.01,71.1,782.11,2021-01-31
398,33,2,795.69,79.57,875.26,2021-02-01
399,9,4,956.3,95.63,1051.93,2021-02-02
400,43,5,798.84,79.88,878.72,2021-02-03
401,48,4,650.2,65.02,715.22,2021-02-04
402,39,3,871.58,87.16,958.74,2021-02-05
403,29,5,705.92,70.59,776.51,2021-02-06
404,42,2,467.31,46.73,514.04,2021-02-07
405,26,3,897.06,89.71,986.77,2021-02-08
406,35,4,299.71,29.97,329.68,2021-02-09
407,50,5,743.18,74.32,817.5,2021-02-10
408,25,2,893.41,89.34,982.75,2021-02-11
409,24,3,758.18,75.82,834.0,2021-02-12
410,13,2,727.55,72.76,800.31,2021-02-13
411,7,4,777.37,77.74,855.11,2021-02-14
412,36,2,518.55,51.86,570.41,2021-02-15
413,45,1,886.75,88.68,975.43,2021-02-16
414,20,3,283.09,28.31,311.4,2021-02-17
415,1,2,214.65,21.47,236.12,2021-02-18
416,8,4,356.96,35.7,392.66,2021-02-19
417,46,4,578.42,57.84,636.26,2021-02-20
418,16,2,559.51,55.95,615.46,2021-02-21
419,14,4,838.54,83.85,922.39,2021-02-22
420,12,5,464.11,46.41,510.52,2021-02-23
421,23,5,535.91,53.59,589.5,2021-02-24
422,15,5,112.03,11.2,123.23,2021-02-25
423,28,1,468.77,46.88,515.65,2021-02-26
424,34,2,683.0,68.3,751.3,2021-02-27
425,2,1,113.96,11.4,125.36,2021-02-28
426,32,4,352.79,35.28,388.07,2021-03-01
427,23,1,287.16,28.72,315.88,2021-03-02
428,22,4,137.79,13.78,151.57,2021-03-03
429,25,4,531.33,53.13,584.46,2021-03-04
430,22,3,263.55,26.36,289.91,2021-03-05
431,22,5,768.77,76.88,845.65,2021-03-06
432,49,4,863.14,86.31,949.45,2021-03-07
433,42,3,591.03,59.1,650.13,2021-03-08
434,6,5,983.54,98.35,1081.89,2021-03-09
435,15,4,505.43,50.54,555.97,2021-03-10
436,43,4,562.03,56.2,618.23,2021-03-11
437,37,1,990.3,99.03,1089.33,2021-03-12
438,33,1,308.39,30.84,339.23,2021-03-13
439,8,5,948.29,94.83,1043.12,2021-03-14
440,44,4,138.55,13.86,152.41,2021-03-15
441,44,2,501.75,50.18,551.93,2021-03-16
442,5,1,163.0,16.3,179.3,2021-03-17
443,39,5,756.31,75.63,831.94,2021-03-18
444,4,4,647.57,64.76,712.33,2021-03-19
445,6,4,735.97,73.6,809.57,2021-03-20
446,45,2,437.03,43.7,480.73,2021-03-21
447,32,5,432.53,43.25,475.78,2021-03-22
448,30,4,140.79,14.08,154.87,2021-03-23
449,47,1,414.95,41.5,456.45,2021-03-24
450,35,2,936.36,93.64,1030.0,2021-03-25
451,40,5,441.3,44.13,485.43,2021-03-26
452,16,2,848.23,84.82,933.05,2021-03-27
453,13,1,858.09,85.81,943.9,2021-03-28
454,50,5,435.92,43.59,479.51,2021-03-29
455,42,2,668.79,66.88,735.67,2021-03-30
456,30,3,185.83,18.58,204.41,2021-03-31
457,19,1,193.31,19.33,212.64,2021-04-01
458,17,1,143.79,14.38,158.17,2021-04-02
459,19,1,622.91,62.29,685.2,2021-04-03
460,28,3,483.46,48.35,531.81,2021-04-04
461,26,3,593.23,59.32,652.55,2021-04-05
462,37,4,568.97,56.9,625.87,2021-04-06
463,26,2,415.18,41.52,456.7,2021-04-07
464,23,4,709.73,70.97,780.7,2021-04-08
465,9,2,782.65,78.26,860.91,2021-04-09
466,12,3,113.17,11.32,124.49,2021-04-10
467,1,3,286.52,28.65,315.17,2021-04-11
468,1,4,741.91,74.19,816.1,2021-04-12
469,47,5,447.96,44.8,492.76,2021-04-13
470,34,4,696.24,69.62,765.86,2021-04-14
471,32,2,412.27,41.23,453.5,2021-04-15
472,48,4,451.68,45.17,496.85,2021-04-16
473,25,1,242.81,24.28,267.09,2021-04-17
474,40,2,332.41,33.24,365.65,2021-04-18
475,45,2,644.87,64.49,709.36,2021-04-19
476,1,5,489.85,48.99,538.84,2021-04-20
477,16,3,796.87,79.69,876.56,2021-04-21
478,39,2,867.33,86.73,954.06,2021-04-22
479,5,3,587.48,58.75,646.23,2021-04-23
480,22,4,782.44,78.24,860.68,2021-04-24
481,29,1,376.21,37.62,413.83,2021-04-25
482,3,5,473.47,47.35,520.82,2021-04-26
483,12,3,741.5,74.15,815.65,2021-04-27
484,26,2,447.59,44.76,492.35,2021-04-28
485,16,3,629.65,62.96,692.61,2021-04-29
486,37,2,266.84,26.68,293.52,2021-04-30
487,22,3,639.79,63.98,703.77,2021-05-01
488,29,2,875.36,87.54,962.9,2021-05-02
489,14,4,881.78,88.18,969.96,2021-05-03
490,28,2,751.91,75.19,827.1,2021-05-04
491,5,2,771.18,77.12,848.3,2021-05-05
492,47,1,602.13,60.21,662.34,2021-05-06
493,49,2,626.2,62.62,688.82,2021-05-07
494,30,1,220.29,22.03,242.32,2021-05-08
495,46,5,499.47,49.95,549.42,2021-05-09
496,5,1,505.7,50.57,556.27,2021-05-10
497,12,4,962.65,96.26,1058.91,2021-05-11
498,16,1,487.98,48.8,536.78,2021-05-12
499,26,5,594.41,59.44,653.85,2021-05-13
500,26,4,579.93,57.99,637.92,2021-05-14
501,48,3,673.09,67.31,740.4,2021-05-15
502,21,3,773.41,77.34,850.75,2021-05-16
503,39,1,302.54,30.25,332.79,2021-05-17
504,36,1,575.85,57.59,633.44,2021-05-18
505,33,5,843.33,84.33,927.66,2021-05-19
506,30,5,516.8,51.68,568.48,2021-05-20
507,37,2,350.61,35.06,385.67,2021-05-21
508,23,5,689.24,68.92,758.16,2021-05-22
509,10,2,841.39,84.14,925.53,2021-05-23
510,5,4,156.83,15.68,172.51,2021-05-24
511,36,1,799.11,79.91,879.02,2021-05-25
512,34,4,839.48,83.95,923.43,2021-05-26
513,31,5,515.37,51.54,566.91,2021-05-27
514,10,4,984.98,98.5,1083.48,2021-05-28
515,19,4,808.04,80.8,888.84,2021-05-29
516,32,4,796.3,79.63,875.93,2021-05-30
517,1,5,773.05,77.31,850.36,2021-05-31
518,5,4,235.55,23.56,259.11,2021-06-01
519,45,2,295.51,29.55,325.06,2021-06-02
520,4,5,517.59,51.76,569.35,2021-06-03
521,16,4,337.6,33.76,371.36,2021-06-04
522,24,5,473.72,47.37,521.09,2021-06-05
523,16,3,899.62,89.96,989.58,2021-06-06
524,2,2,841.89,84.19,926.08,2021-06-07
525,49,4,667.04,66.7,733.74,2021-06-08
526,28,3,872.31,87.23,959.54,2021-06-09
527,32,3,805.4,80.54,885.94,2021-06-10
528,27,5,486.09,48.61,534.7,2021-06-11
529,20,3,280.96,28.1,309.06,2021-06-12
530,24,2,562.78,56.28,619.06,2021-06-13
531,12,2,762.61,76.26,838.87,2021-06-14
532,50,1,492.78,49.28,542.06,2021-06-15
533,35,2,700.09,70.01,770.1,2021-06-16
534,33,3,184.89,18.49,203.38,2021-06-17
535,33,2,773.2,77.32,850.52,2021-06-18
536,43,5,831.44,83.14,914.58,2021-06-19
537,37,1,736.15,73.61,809.76,2021-06-20
538,12,3,970.54,97.05,1067.59,2021-06-21
539,3,1,843.99,84.4,928.39,2021-06-22
540,1,3,912.78,91.28,1004.06,2021-06-23
541,33,5,940.21,94.02,1034.23,2021-06-24
542,40,1,821.21,82.12,903.33,2021-06-25
543,10,4,706.83,70.68,777.51,2021-06-26
544,43,3,105.15,10.52,115.67,2021-06-27
545,44,4,519.24,51.92,571.16,2021-06-28
546,29,1,614.05,61.4,675.45,2021-06-29
547,13,4,373.63,37.36,410.99,2021-06-30
548,12,4,386.29,38.63,424.92,2021-07-01
549,31,1,965.04,96.5,1061.54,2021-07-02
550,46,5,902.54,90.25,992.79,2021-07-03
551,2,4,864.26,86.43,950.69,2021-07-04
552,50,4,465.41,46.54,511.95,2021-07-05
553,35,5,112.33,11.23,123.56,2021-07-06
554,23,4,172.2,17.22,189.42,2021-07-07
555,17,4,380.98,38.1,419.08,2021-07-08
556,26,4,114.17,11.42,125.59,2021-07-09
557,8,2,115.43,11.54,126.97,2021-07-10
558,29,5,924.94,92.49,1017.43,2021-07-11
559,26,4,735.54,73.55,809.09,2021-07-12
560,10,5,378.06,37.81,415.87,2021-07-13
561,26,3,219.38,21.94,241.32,2021-07-14
562,34,3,560.47,56.05,616.52,2021-07-15
563,41,4,104.81,10.48,115.29,2021-07-16
564,7,5,944.57,94.46,1039.03,2021-07-17
565,4,5,473.33,47.33,520.66,2021-07-18
566,50,5,462.1,46.21,508.31,2021-07-19
567,45,2,451.53,45.15,496.68,2021-07-20
568,11,3,162.4,16.24,178.64,2021-07-21
569,29,5,674.49,67.45,741.94,2021-07-22
570,36,5,759.7,75.97,835.67,2021-07-23
571,25,2,708.51,70.85,779.36,2021-07-24
572,21,2,224.59,22.46,247.05,2021-07-25
573,36,5,620.96,62.1,683.06,2021-07-26
574,10,1,612.54,61.25,673.79,2021-07-27
575,37,5,881.57,88.16,969.73,2021-07-28
576,9,5,441.21,44.12,485.33,2021-07-29
577,24,2,434.34,43.43,477.77,2021-07-30
578,35,2,656.67,65.67,722.34,2021-07-31
579,49,5,669.77,66.98,736.75,2021-08-01
580,35,5,522.36,52.24,574.6,2021-08-02
581,48,5,498.75,49.88,548.63,2021-08-03
582,36,2,544.73,54.47,599.2,2021-08-04
583,18,5,874.94,87.49,962.43,2021-08-05
584,49,5,515.05,51.5,566.55,2021-08-06
585,39,4,945.94,94.59,1040.53,2021-08-07
586,32,1,553.6,55.36,608.96,2021-08-08
587,24,3,954.28,95.43,1049.71,2021-08-09
588,23,1,849.55,84.96,934.51,2021-08-10
589,32,4,426.19,42.62,468.81,2021-08-11
590,37,3,877.28,87.73,965.01,2021-08-12
591,12,5,199.06,19.91,218.97,2021-08-13
592,49,4,932.54,93.25,1025.79,2021-08-14
593,13,5,668.48,66.85,735.33,2021-08-15
594,23,2,148.95,14.9,163.85,2021-08-16
595,25,4,679.83,67.98,747.81,2021-08-17
596,35,2,976.82,97.68,1074.5,2021-08-18
597,41,4,162.82,16.28,179.1,2021-08-19
598,30,4,599.22,59.92,659.14,2021-08-20
599,17,2,773.01,77.3,850.31,2021-08-21
600,49,3,829.23,82.92,912.15,2021-08-22
601,20,1,472.44,47.24,519.68,2021-08-23
602,48,5,283.75,28.38,312.13,2021-08-24
603,25,4,138.11,13.81,151.92,2021-08-25
604,22,5,621.75,62.18,683.93,2021-08-26
605,13,2,507.62,50.76,558.38,2021-08-27
606,19,5,953.87,95.39,1049.26,2021-08-28
607,49,2,154.54,15.45,169.99,2021-08-29
608,36,5,716.86,71.69,788.55,2021-08-30
609,12,1,122.47,12.25,134.72,2021-08-31
610,41,1,254.29,25.43,279.72,2021-09-01
611,19,1,508.22,50.82,559.04,2021-09-02
612,12,1,509.39,50.94,560.33,2021-09-03
613,9,1,717.13,71.71,788.84,2021-09-04
614,7,1,919.19,91.92,1011.11,2021-09-05
615,28,2,675.13,67.51,742.64,2021-09-06
616,14,4,958.18,95.82,1054.0,2021-09-07
617,31,5,893.45,89.35,982.8,2021-09-08
618,19,1,626.05,62.6,688.65,2021-09-09
619,47,2,850.41,85.04,935.45,2021-09-10
620,16,2,678.32,67.83,746.15,2021-09-11
621,5,2,170.7,17.07,187.77,2021-09-12
622,35,4,766.51,76.65,843.16,2021-09-13
623,12,5,185.42,18.54,203.96,2021-09-14
624,25,4,634.67,63.47,698.14,2021-09-15
625,21,3,732.38,73.24,805.62,2021-09-16
626,36,2,159.87,15.99,175.86,2021-09-17
627,23,3,307.72,30.77,338.49,2021-09-18
628,16,1,924.11,92.41,1016.52,2021-09-19
629,39,1,654.68,65.47,720.15,2021-09-20
630,45,4,321.66,32.17,353.83,2021-09-21
631,42,5,721.61,72.16,793.77,2021-09-22
632,39,3,637.1,63.71,700.81,2021-09-23
633,14,5,551.42,55.14,606.56,2021-09-24
634,31,4,978.57,97.86,1076.43,2021-09-25
635,5,1,715.11,71.51,786.62,2021-09-26
636,35,5,437.9,43.79,481.69,2021-09-27
637,23,5,820.07,82.01,902.08,2021-09-28
638,29,1,896.12,89.61,985.73,2021-09-29
639,43,3,212.7,21.27,233.97,2021-09-30
640,11,1,280.5,28.05,308.55,2021-10-01
641,18,5,294.6,29.46,324.06,2021-10-02
642,47,3,722.09,72.21,794.3,2021-10-03
643,12,3,642.74,64.27,707.01,2021-10-04
644,9,1,657.09,65.71,722.8,2021-10-05
645,10,5,946.7,94.67,1041.37,2021-10-06
646,44,4,798.32,79.83,878.15,2021-10-07
647,17,5,215.14,21.51,236.65,2021-10-08
648,38,2,412.76,41.28,454.04,2021-10-09
649,7,4,491.85,49.18,541.03,2021-10-10
650,46,3,456.37,45.64,502.01,2021-10-11
651,13,4,702.38,70.24,772.62,2021-10-12
652,40,3,902.7,90.27,992.97,2021-10-13
653,42,3,375.45,37.54,412.99,2021-10-14
654,9,4,596.69,59.67,656.36,2021-10-15
655,50,3,810.47,81.05,891.52,2021-10-16
656,27,3,474.6,47.46,522.06,2021-10-17
657,2,2,251.31,25.13,276.44,2021-10-18
658,5,5,527.46,52.75,580.21,2021-10-19
659,29,5,149.7,14.97,164.67,2021-10-20
660,37,2,948.15,94.82,1042.97,2021-10-21
661,38,4,167.34,16.73,184.07,2021-10-22
662,19,1,494.61,49.46,544.07,2021-10-23
663,8,1,576.89,57.69,634.58,2021-10-24
664,48,1,986.77,98.68,1085.45,2021-10-25
665,45,2,249.42,24.94,274.36,2021-10-26
666,1,2,202.99,20.3,223.29,2021-10-27
667,22,3,107.84,10.78,118.62,2021-10-28
668,17,1,240.01,24.0,264.01,2021-10-29
669,7,4,286.55,28.66,315.21,2021-10-30
670,25,4,667.52,66.75,734.27,2021-10-31
671,45,1,297.74,29.77,327.51,2021-11-01
672,4,1,118.47,11.85,130.32,2021-11-02
673,36,1,843.96,84.4,928.36,2021-11-03
674,6,2,429.04,42.9,471.94,2021-11-04
675,31,2,418.33,41.83,460.16,2021-11-05
676,19,2,372.23,37.22,409.45,2021-11-06
677,44,5,977.84,97.78,1075.62,2021-11-07
678,39,4,253.1,25.31,278.41,2021-11-08
679,27,4,908.41,90.84,999.25,2021-11-09
680,10,3,799.12,79.91,879.03,2021-11-10
681,26,2,168.83,16.88,185.71,2021-11-11
682,19,5,988.06,98.81,1086.87,2021-11-12
683,39,5,344.23,34.42,378.65,2021-11-13
684,3,4,188.72,18.87,207.59,2021-11-14
685,45,2,846.38,84.64,931.02,2021-11-15
686,13,3,736.01,73.6,809.61,2021-11-16
687,50,2,655.5,65.55,721.05,2021-11-17
688,28,1,240.38,24.04,264.42,2021-11-18
689,20,2,530.65,53.06,583.71,2021-11-19
690,28,1,802.5,80.25,882.75,2021-11-20
691,8,1,373.26,37.33,410.59,2021-11-21
692,41,3,380.52,38.05,418.57,2021-11-22
693,39,4,102.83,10.28,113.11,2021-11-23
694,1,2,256.82,25.68,282.5,2021-11-24
695,3,1,887.87,88.79,976.66,2021-11-25
696,13,2,497.57,49.76,547.33,2021-11-26
697,28,4,985.81,98.58,1084.39,2021-11-27
698,49,4,456.14,45.61,501.75,2021-11-28
699,25,5,743.67,74.37,818.04,2021-11-29
700,33,4,353.73,35.37,389.1,2021-11-30
701,38,3,427.43,42.74,470.17,2021-12-01
702,6,1,271.65,27.16,298.81,2021-12-02
703,44,5,412.36,41.24,453.6,2021-12-03
704,45,3,592.51,59.25,651.76,2021-12-04
705,32,2,992.6,99.26,1091.86,2021-12-05
706,45,1,697.78,69.78,767.56,2021-12-06
707,47,4,279.32,27.93,307.25,2021-12-07
708,21,1,140.47,14.05,154.52,2021-12-08
709,16,2,213.72,21.37,235.09,2021-12-09
710,21,5,606.3,60.63,666.93,2021-12-10
711,11,5,788.64,78.86,867.5,2021-12-11
712,37,5,946.38,94.64,1041.02,2021-12-12
713,36,4,114.24,11.42,125.66,2021-12-13
714,35,3,570.48,57.05,627.53,2021-12-14
715,19,3,523.78,52.38,576.16,2021-12-15
716,20,1,690.45,69.04,759.49,2021-12-16
717,18,4,603.62,60.36,663.98,2021-12-17
718,47,5,718.34,71.83,790.17,2021-12-18
719,41,5,692.27,69.23,761.5,2021-12-19
720,49,2,205.31,20.53,225.84,2021-12-20
721,14,2,819.75,81.98,901.73,2021-12-21
722,15,5,210.91,21.09,232.0,2021-12-22
723,31,5,728.68,72.87,801.55,2021-12-23
724,1,4,474.53,47.45,521.98,2021-12-24
725,3,3,562.47,56.25,618.72,2021-12-25
726,16,2,912.97,91.3,1004.27,2021-12-26
727,23,3,900.9,90.09,990.99,2021-12-27
728,11,4,836.07,83.61,919.68,2021-12-28
729,12,5,559.13,55.91,615.04,2021-12-29
730,10,3,762.62,76.26,838.88,2021-12-30
731,32,5,561.61,56.16,617.77,2021-12-31
732,16,5,882.65,88.26,970.91,2022-01-01
733,8,1,462.5,46.25,508.75,2022-01-02
734,38,3,973.21,97.32,1070.53,2022-01-03
735,12,3,939.09,93.91,1033.0,2022-01-04
736,24,5,767.44,76.74,844.18,2022-01-05
737,28,4,351.47,35.15,386.62,2022-01-06
738,8,1,218.49,21.85,240.34,2022-01-07
739,28,5,869.23,86.92,956.15,2022-01-08
740,36,2,248.77,24.88,273.65,2022-01-09
741,26,2,868.83,86.88,955.71,2022-01-10
742,8,1,541.69,54.17,595.86,2022-01-11
743,50,4,465.9,46.59,512.49,2022-01-12
744,28,5,912.87,91.29,1004.16,2022-01-13
745,28,3,643.47,64.35,707.82,2022-01-14
746,37,1,618.95,61.9,680.85,2022-01-15
747,41,4,602.89,60.29,663.18,2022-01-16
748,36,3,434.05,43.4,477.45,2022-01-17
749,27,2,807.08,80.71,887.79,2022-01-18
750,17,2,327.52,32.75,360.27,2022-01-19
751,9,3,945.01,94.5,1039.51,2022-01-20
752,33,1,904.59,90.46,995.05,2022-01-21
753,20,2,403.73,40.37,444.1,2022-01-22
754,13,5,756.52,75.65,832.17,2022-01-23
755,28,3,615.9,61.59,677.49,2022-01-24
756,48,3,403.88,40.39,444.27,2022-01-25
757,29,2,989.67,98.97,1088.64,2022-01-26
758,13,1,122.71,12.27,134.98,2022-01-27
759,46,5,327.38,32.74,360.12,2022-01-28
760,35,1,568.07,56.81,624.88,2022-01-29
761,6,4,569.76,56.98,626.74,2022-01-30
762,18,4,630.04,63.0,693.04,2022-01-31
763,5,2,776.51,77.65,854.16,2022-02-01
764,47,2,661.13,66.11,727.24,2022-02-02
765,25,2,640.25,64.03,704.28,2022-02-03
766,2,4,148.16,14.82,162.98,2022-02-04
767,10,1,438.88,43.89,482.77,2022-02-05
768,30,1,308.85,30.89,339.74,2022-02-06
769,50,2,338.83,33.88,372.71,2022-02-07
770,45,5,598.9,59.89,658.79,2022-02-08
771,5,1,279.55,27.96,307.51,2022-02-09
772,33,4,364.55,36.46,401.01,2022-02-10
773,1,3,313.38,31.34,344.72,2022-02-11
774,18,3,953.65,95.36,1049.01,2022-02-12
775,32,3,950.2,95.02,1045.22,2022-02-13
776,47,5,648.95,64.9,713.85,2022-02-14
777,49,2,932.07,93.21,1025.28,2022-02-15
778,11,4,807.23,80.72,887.95,2022-02-16
779,21,5,630.95,63.1,694.05,2022-02-17
780,26,4,105.79,10.58,116.37,2022-02-18
781,25,4,795.26,79.53,874.79,2022-02-19
782,22,2,732.24,73.22,805.46,2022-02-20
783,27,3,653.73,65.37,719.1,2022-02-21
784,49,2,784.38,78.44,862.82,2022-02-22
785,13,5,561.63,56.16,617.79,2022-02-23
786,33,5,733.67,73.37,807.04,2022-02-24
787,34,5,941.65,94.16,1035.81,2022-02-25
788,41,2,438.22,43.82,482.04,2022-02-26
789,35,4,737.31,73.73,811.04,2022-02-27
790,1,4,528.12,52.81,580.93,2022-02-28
791,21,1,706.96,70.7,777.66,2022-03-01
792,48,5,786.6,78.66,865.26,2022-03-02
793,6,4,140.91,14.09,155.0,2022-03-03
794,28,1,681.94,68.19,750.13,2022-03-04
795,17,4,304.07,30.41,334.48,2022-03-05
796,5,5,703.03,70.3,773.33,2022-03-06
797,31,3,521.5,52.15,573.65,2022-03-07
798,5,5,796.2,79.62,875.82,2022-03-08
799,38,2,211.06,21.11,232.17,2022-03-09
800,3,4,663.69,66.37,730.06,2022-03-10
801,23,4,350.62,35.06,385.68,2022-03-11
802,37,2,867.68,86.77,954.45,2022-03-12
803,37,2,935.55,93.56,1029.11,2022-03-13
804,10,3,996.76,99.68,1096.44,2022-03-14
805,10,4,816.41,81.64,898.05,2022-03-15
806,19,4,778.36,77.84,856.2,2022-03-16
807,17,3,293.95,29.4,323.35,2022-03-17
808,21,1,402.41,40.24,442.65,2022-03-18
809,14,3,519.11,51.91,571.02,2022-03-19
810,9,5,796.04,79.6,875.64,2022-03-20
811,46,4,923.47,92.35,1015.82,2022-03-21
812,1,2,270.23,27.02,297.25,2022-03-22
813,45,5,930.13,93.01,1023.14,2022-03-23
814,13,4,726.06,72.61,798.67,2022-03-24
815,4,3,649.69,64.97,714.66,2022-03-25
816,1,5,279.86,27.99,307.85,2022-03-26
817,49,4,149.97,15.0,164.97,2022-03-27
818,40,1,611.62,61.16,672.78,2022-03-28
819,32,1,686.36,68.64,755.0,2022-03-29
820,34,2,289.7,28.97,318.67,2022-03-30
821,28,4,600.81,60.08,660.89,2022-03-31
822,31,1,870.84,87.08,957.92,2022-04-01
823,8,3,851.56,85.16,936.72,2022-04-02
824,39,4,934.62,93.46,1028.08,2022-04-03
825,26,3,429.3,42.93,472.23,2022-04-04
826,34,3,386.24,38.62,424.86,2022-04-05
827,3,1,774.48,77.45,851.93,2022-04-06
828,50,4,488.0,48.8,536.8,2022-04-07
829,12,5,178.79,17.88,196.67,2022-04-08
830,1,1,354.52,35.45,389.97,2022-04-09
831,44,1,476.72,47.67,524.39,2022-04-10
832,5,4,363.26,36.33,399.59,2022-04-11
833,30,4,398.99,39.9,438.89,2022-04-12
834,30,3,364.4,36.44,400.84,2022-04-13
835,17,4,137.35,13.74,151.09,2022-04-14
836,48,3,673.39,67.34,740.73,2022-04-15
837,47,1,637.56,63.76,701.32,2022-04-16
838,23,2,688.05,68.8,756.85,2022-04-17
839,15,5,273.08,27.31,300.39,2022-04-18
840,37,1,366.09,36.61,402.7,2022-04-19
841,21,4,657.65,65.76,723.41,2022-04-20
842,14,5,639.66,63.97,703.63,2022-04-21
843,2,2,555.7,55.57,611.27,2022-04-22
844,11,2,415.37,41.54,456.91,2022-04-23
845,39,3,921.64,92.16,1013.8,2022-04-24
846,38,5,405.79,40.58,446.37,2022-04-25
847,34,3,510.06,51.01,561.07,2022-04-26
848,38,1,710.3,71.03,781.33,2022-04-27
849,50,5,588.72,58.87,647.59,2022-04-28
850,34,1,412.2,41.22,453.42,2022-04-29
851,18,3,492.08,49.21,541.29,2022-04-30
852,30,5,815.03,81.5,896.53,2022-05-01
853,15,3,350.32,35.03,385.35,2022-05-02
854,27,5,228.03,22.8,250.83,2022-05-03
855,34,3,381.85,38.18,420.03,2022-05-04
856,38,2,864.58,86.46,951.04,2022-05-05
857,33,3,180.09,18.01,198.1,2022-05-06
858,24,2,992.53,99.25,1091.78,2022-05-07
859,15,3,586.9,58.69,645.59,2022-05-08
860,30,5,986.36,98.64,1085.0,2022-05-09
861,42,5,945.1,94.51,1039.61,2022-05-10
862,17,5,507.53,50.75,558.28,2022-05-11
863,5,4,278.64,27.86,306.5,2022-05-12
864,29,1,248.4,24.84,273.24,2022-05-13
865,4,5,315.99,31.6,347.59,2022-05-14
866,10,2,739.12,73.91,813.03,2022-05-15
867,17,5,345.65,34.56,380.21,2022-05-16
868,10,4,407.28,40.73,448.01,2022-05-17
869,17,2,503.9,50.39,554.29,2022-05-18
870,20,4,921.91,92.19,1014.1,2022-05-19
871,24,2,270.45,27.04,297.49,2022-05-20
872,5,3,104.52,10.45,114.97,2022-05-21
873,34,1,154.09,15.41,169.5,2022-05-22
874,6,1,914.29,91.43,1005.72,2022-05-23
875,2,4,682.76,68.28,751.04,2022-05-24
876,13,1,345.74,34.57,380.31,2022-05-25
877,43,4,259.47,25.95,285.42,2022-05-26
878,43,4,364.84,36.48,401.32,2022-05-27
879,48,4,203.32,20.33,223.65,2022-05-28
880,11,1,947.38,94.74,1042.12,2022-05-29
881,47,4,805.79,80.58,886.37,2022-05-30
882,23,1,516.15,51.62,567.77,2022-05-31
883,16,4,878.47,87.85,966.32,2022-06-01
884,31,5,324.51,32.45,356.96,2022-06-02
885,11,4,745.41,74.54,819.95,2022-06-03
886,16,2,870.52,87.05,957.57,2022-06-04
887,8,4,421.09,42.11,463.2,2022-06-05
888,4,3,781.72,78.17,859.89,2022-06-06
889,40,4,365.57,36.56,402.13,2022-06-07
890,4,2,368.97,36.9,405.87,2022-06-08
891,25,2,196.35,19.64,215.99,2022-06-09
892,3,1,496.05,49.6,545.65,2022-06-10
893,32,5,756.74,75.67,832.41,2022-06-11
894,3,4,946.2,94.62,1040.82,2022-06-12
895,27,1,643.42,64.34,707.76,2022-06-13
896,29,5,876.82,87.68,964.5,2022-06-14
897,32,4,840.25,84.02,924.27,2022-06-15
898,50,3,256.01,25.6,281.61,2022-06-16
899,19,4,537.24,53.72,590.96,2022-06-17
900,21,2,205.23,20.52,225.75,2022-06-18
901,5,2,713.94,71.39,785.33,2022-06-19
902,18,3,954.91,95.49,1050.4,2022-06-20
903,28,1,223.38,22.34,245.72,2022-06-21
904,42,5,760.49,76.05,836.54,2022-06-22
905,22,4,669.01,66.9,735.91,2022-06-23
906,21,2,625.24,62.52,687.76,2022-06-24
907,6,1,451.11,45.11,496.22,2022-06-25
908,1,3,419.62,41.96,461.58,2022-06-26
909,5,2,140.72,14.07,154.79,2022-06-27
910,41,3,296.12,29.61,325.73,2022-06-28
911,12,4,113.66,11.37,125.03,2022-06-29
912,26,5,623.28,62.33,685.61,2022-06-30
913,46,2,195.27,19.53,214.8,2022-07-01
914,34,2,885.72,88.57,974.29,2022-07-02
915,49,4,570.83,57.08,627.91,2022-07-03
916,14,1,729.72,72.97,802.69,2022-07-04
917,26,5,469.77,46.98,516.75,2022-07-05
918,45,2,604.52,60.45,664.97,2022-07-06
919,27,5,948.39,94.84,1043.23,2022-07-07
920,9,2,174.46,17.45,191.91,2022-07-08
921,26,5,328.54,32.85,361.39,2022-07-09
922,47,3,801.99,80.2,882.19,2022-07-10
923,22,2,188.86,18.89,207.75,2022-07-11
924,47,5,168.09,16.81,184.9,2022-07-12
925,30,1,425.39,42.54,467.93,2022-07-13
926,43,3,182.95,18.29,201.24,2022-07-14
927,48,3,626.57,62.66,689.23,2022-07-15
928,17,1,303.65,30.36,334.01,2022-07-16
929,26,5,906.13,90.61,996.74,2022-07-17
930,36,4,805.15,80.52,885.67,2022-07-18
931,1,1,729.73,72.97,802.7,2022-07-19
932,8,5,655.25,65.53,720.78,2022-07-20
933,49,1,877.12,87.71,964.83,2022-07-21
934,35,1,300.76,30.08,330.84,2022-07-22
935,15,2,885.8,88.58,974.38,2022-07-23
936,47,5,810.54,81.05,891.59,2022-07-24
937,22,4,773.34,77.33,850.67,2022-07-25
938,14,2,605.13,60.51,665.64,2022-07-26
939,26,1,321.62,32.16,353.78,2022-07-27
940,28,1,481.19,48.12,529.31,2022-07-28
941,23,1,814.21,81.42,895.63,2022-07-29
942,14,5,128.6,12.86,141.46,2022-07-30
943,24,5,803.85,80.39,884.24,2022-07-31
944,2,2,316.06,31.61,347.67,2022-08-01
945,45,4,229.88,22.99,252.87,2022-08-02
946,26,2,204.13,20.41,224.54,2022-08-03
947,14,3,124.53,12.45,136.98,2022-08-04
948,7,1,571.23,57.12,628.35,2022-08-05
949,3,1,296.43,29.64,326.07,2022-08-06
950,47,1,990.49,99.05,1089.54,2022-08-07
951,23,2,616.99,61.7,678.69,2022-08-08
952,46,2,224.1,22.41,246.51,2022-08-09
953,43,1,719.89,71.99,791.88,2022-08-10
954,47,2,907.97,90.8,998.77,2022-08-11
955,45,5,770.66,77.07,847.73,2022-08-12
956,18,5,168.8,16.88,185.68,2022-08-13
957,38,2,906.3,90.63,996.93,2022-08-14
958,35,1,814.54,81.45,895.99,2022-08-15
959,15,2,242.47,24.25,266.72,2022-08-16
960,25,2,146.61,14.66,161.27,2022-08-17
961,37,2,601.58,60.16,661.74,2022-08-18
962,28,3,240.43,24.04,264.47,2022-08-19
963,10,5,851.13,85.11,936.24,2022-08-20
964,39,4,422.5,42.25,464.75,2022-08-21
965,17,4,921.6,92.16,1013.76,2022-08-22
966,39,3,609.12,60.91,670.03,2022-08-23
967,22,2,264.41,26.44,290.85,2022-08-24
968,26,3,225.64,22.56,248.2,2022-08-25
969,44,3,618.83,61.88,680.71,2022-08-26
970,25,1,785.7,78.57,864.27,2022-08-27
971,17,5,803.36,80.34,883.7,2022-08-28
972,13,4,348.18,34.82,383.0,2022-08-29
973,20,2,283.82,28.38,312.2,2022-08-30
974,25,4,115.08,11.51,126.59,2022-08-31
975,4,4,711.28,71.13,782.41,2022-09-01
976,10,5,168.91,16.89,185.8,2022-09-02
977,3,4,478.69,47.87,526.56,2022-09-03
978,41,4,641.51,64.15,705.66,2022-09-04
979,45,3,943.4,94.34,1037.74,2022-09-05
980,18,5,380.62,38.06,418.68,2022-09-06
981,47,1,324.79,32.48,357.27,2022-09-07
982,36,2,688.74,68.87,757.61,2022-09-08
983,47,4,657.32,65.73,723.05,2022-09-09
984,22,2,398.9,39.89,438.79,2022-09-10
985,34,1,935.29,93.53,1028.82,2022-09-11
986,47,2,860.38,86.04,946.42,2022-09-12
987,8,1,301.58,30.16,331.74,2022-09-13
988,40,3,315.23,31.52,346.75,2022-09-14
989,49,4,561.07,56.11,617.18,2022-09-15
990,44,1,796.21,79.62,875.83,2022-09-16
991,19,2,139.64,13.96,153.6,2022-09-17
992,42,4,724.0,72.4,796.4,2022-09-18
993,41,3,683.41,68.34,751.75,2022-09-19
994,37,4,308.33,30.83,339.16,2022-09-20
995,6,1,713.22,71.32,784.54,2022-09-21
996,26,3,946.16,94.62,1040.78,2022-09-22
997,34,2,142.11,14.21,156.32,2022-09-23
998,45,3,387.69,38.77,426.46,2022-09-24
999,6,3,494.36,49.44,543.8,2022-09-25
1000,37,5,909.33,90.93,1000.26,2022-09-26
1001,33,3,966.04,96.6,1062.64,2022-09-27
1002,22,3,499.7,49.97,549.67,2022-09-28
1003,21,4,775.03,77.5,852.53,2022-09-29
1004,6,2,578.49,57.85,636.34,2022-09-30
1005,6,4,584.0,58.4,642.4,2022-10-01
1006,48,4,350.29,35.03,385.32,2022-10-02
1007,4,1,295.26,29.53,324.79,2022-10-03
1008,30,4,359.2,35.92,395.12,2022-10-04
1009,11,5,600.7,60.07,660.77,2022-10-05
1010,30,5,126.24,12.62,138.86,2022-10-06
1011,31,1,916.52,91.65,1008.17,2022-10-07
1012,24,2,240.66,24.07,264.73,2022-10-08
1013,9,2,298.08,29.81,327.89,2022-10-09
1014,3,4,566.45,56.65,623.1,2022-10-10
1015,31,4,739.1,73.91,813.01,2022-10-11
1016,40,4,186.16,18.62,204.78,2022-10-12
1017,37,2,385.93,38.59,424.52,2022-10-13
1018,36,3,971.81,97.18,1068.99,2022-10-14
1019,24,5,336.11,33.61,369.72,2022-10-15
1020,31,3,381.75,38.18,419.93,2022-10-16
1021,6,3,852.85,85.29,938.14,2022-10-17
1022,2,2,145.19,14.52,159.71,2022-10-18
1023,20,3,518.15,51.82,569.97,2022-10-19
1024,28,1,441.66,44.17,485.83,2022-10-20
1025,11,4,384.93,38.49,423.42,2022-10-21
1026,4,1,357.13,35.71,392.84,2022-10-22
1027,15,5,182.24,18.22,200.46,2022-10-23
1028,6,4,383.34,38.33,421.67,2022-10-24
1029,49,3,138.75,13.88,152.63,2022-10-25
1030,30,5,802.87,80.29,883.16,2022-10-26
1031,38,4,458.41,45.84,504.25,2022-10-27
1032,2,3,499.51,49.95,549.46,2022-10-28
1033,15,1,904.24,90.42,994.66,2022-10-29
1034,11,4,692.25,69.23,761.48,2022-10-30
1035,8,3,107.25,10.73,117.98,2022-10-31
1036,26,1,948.86,94.89,1043.75,2022-11-01
1037,45,5,313.43,31.34,344.77,2022-11-02
1038,44,5,196.85,19.69,216.54,2022-11-03
1039,5,5,791.32,79.13,870.45,2022-11-04
1040,6,5,550.43,55.04,605.47,2022-11-05
1041,26,2,490.39,49.04,539.43,2022-11-06
1042,4,4,324.55,32.46,357.01,2022-11-07
1043,19,4,592.72,59.27,651.99,2022-11-08
1044,20,2,346.95,34.7,381.65,2022-11-09
1045,33,3,911.42,91.14,1002.56,2022-11-10
1046,20,3,293.68,29.37,323.05,2022-11-11
1047,49,5,895.92,89.59,985.51,2022-11-12
1048,12,1,603.46,60.35,663.81,2022-11-13
1049,47,3,845.64,84.56,930.2,2022-11-14
1050,1,1,741.56,74.16,815.72,2022-11-15
1051,26,4,727.03,72.7,799.73,2022-11-16
1052,14,1,391.91,39.19,431.1,2022-11-17
1053,38,4,310.51,31.05,341.56,2022-11-18
1054,37,2,289.8,28.98,318.78,2022-11-19
1055,11,2,871.47,87.15,958.62,2022-11-20
1056,36,5,838.38,83.84,922.22,2022-11-21
1057,13,3,496.52,49.65,546.17,2022-11-22
1058,43,5,219.16,21.92,241.08,2022-11-23
1059,3,4,444.03,44.4,488.43,2022-11-24
1060,33,5,657.41,65.74,723.15,2022-11-25
1061,6,1,508.96,50.9,559.86,2022-11-26
1062,50,4,802.17,80.22,882.39,2022-11-27
1063,10,2,997.86,99.79,1097.65,2022-11-28
1064,5,3,272.02,27.2,299.22,2022-11-29
1065,23,4,513.69,51.37,565.06,2022-11-30
1066,10,4,487.89,48.79,536.68,2022-12-01
1067,44,1,374.04,37.4,411.44,2022-12-02
1068,2,3,278.29,27.83,306.12,2022-12-03
1069,13,2,159.12,15.91,175.03,2022-12-04
1070,40,4,898.41,89.84,988.25,2022-12-05
1071,2,4,477.86,47.79,525.65,2022-12-06
1072,20,1,547.21,54.72,601.93,2022-12-07
1073,1,5,925.25,92.52,1017.77,2022-12-08
1074,37,2,798.66,79.87,878.53,2022-12-09
1075,9,3,217.45,21.74,239.19,2022-12-10
1076,17,4,608.88,60.89,669.77,2022-12-11
1077,9,4,498.03,49.8,547.83,2022-12-12
1078,11,2,817.49,81.75,899.24,2022-12-13
1079,15,5,751.81,75.18,826.99,2022-12-14
1080,24,4,721.37,72.14,793.51,2022-12-15
1081,38,2,406.49,40.65,447.14,2022-12-16
1082,35,1,824.47,82.45,906.92,2022-12-17
1083,30,5,147.15,14.72,161.87,2022-12-18
1084,31,3,243.66,24.37,268.03,2022-12-19
1085,49,4,402.06,40.21,442.27,2022-12-20
1086,5,2,169.13,16.91,186.04,2022-12-21
1087,44,1,311.49,31.15,342.64,2022-12-22
1088,50,3,847.14,84.71,931.85,2022-12-23
1089,14,2,953.43,95.34,1048.77,2022-12-24
1090,11,2,374.14,37.41,411.55,2022-12-25
1091,9,3,338.06,33.81,371.87,2022-12-26
1092,34,1,351.9,35.19,387.09,2022-12-27
1093,12,1,349.95,34.99,384.94,2022-12-28
1094,35,5,132.34,13.23,145.57,2022-12-29
1095,35,4,934.22,93.42,1027.64,2022-12-30
1096,1,3,292.33,29.23,321.56,2022-12-31
1097,40,3,478.0,47.8,525.8,2023-01-01
1098,22,3,108.72,10.87,119.59,2023-01-02
1099,29,1,872.16,87.22,959.38,2023-01-03
1100,8,4,758.04,75.8,833.84,2023-01-04
1101,11,5,952.08,95.21,1047.29,2023-01-05
1102,41,2,803.45,80.35,883.8,2023-01-06
1103,37,2,382.34,38.23,420.57,2023-01-07
1104,14,3,323.09,32.31,355.4,2023-01-08
1105,30,4,727.94,72.79,800.73,2023-01-09
1106,35,1,427.7,42.77,470.47,2023-01-10
1107,21,4,609.59,60.96,670.55,2023-01-11
1108,37,4,105.63,10.56,116.19,2023-01-12
1109,5,1,155.7,15.57,171.27,2023-01-13
1110,19,3,581.83,58.18,640.01,2023-01-14
1111,14,4,609.46,60.95,670.41,2023-01-15
1112,26,2,776.31,77.63,853.94,2023-01-16
1113,4,1,218.77,21.88,240.65,2023-01-17
1114,25,5,561.86,56.19,618.05,2023-01-18
1115,45,3,275.0,27.5,302.5,2023-01-19
1116,42,1,183.88,18.39,202.27,2023-01-20
1117,25,5,469.45,46.94,516.39,2023-01-21
1118,18,5,247.0,24.7,271.7,2023-01-22
1119,40,4,299.6,29.96,329.56,2023-01-23
1120,8,4,385.8,38.58,424.38,2023-01-24
1121,39,4,333.45,33.34,366.79,2023-01-25
1122,40,1,178.83,17.88,196.71,2023-01-26
1123,14,1,180.92,18.09,199.01,2023-01-27
1124,32,3,273.92,27.39,301.31,2023-01-28
1125,38,4,145.5,14.55,160.05,2023-01-29
1126,33,5,663.81,66.38,730.19,2023-01-30
1127,23,2,358.59,35.86,394.45,2023-01-31
1128,15,3,351.77,35.18,386.95,2023-02-01
1129,33,1,398.8,39.88,438.68,2023-02-02
1130,25,3,696.52,69.65,766.17,2023-02-03
1131,17,3,883.57,88.36,971.93,2023-02-04
1132,33,3,783.18,78.32,861.5,2023-02-05
1133,47,3,754.78,75.48,830.26,2023-02-06
1134,2,2,535.95,53.6,589.55,2023-02-07
1135,14,4,724.43,72.44,796.87,2023-02-08
1136,40,5,597.49,59.75,657.24,2023-02-09
1137,40,3,294.63,29.46,324.09,2023-02-10
1138,39,3,287.73,28.77,316.5,2023-02-11
1139,6,3,366.75,36.68,403.43,2023-02-12
1140,6,4,919.72,91.97,1011.69,2023-02-13
1141,3,1,592.67,59.27,651.94,2023-02-14
1142,7,1,760.51,76.05,836.56,2023-02-15
1143,8,2,411.9,41.19,453.09,2023-02-16
1144,42,1,466.94,46.69,513.63,2023-02-17
1145,15,3,213.01,21.3,234.31,2023-02-18
1146,47,3,254.17,25.42,279.59,2023-02-19
1147,29,3,844.62,84.46,929.08,2023-02-20
1148,33,2,626.35,62.64,688.99,2023-02-21
1149,30,3,403.78,40.38,444.16,2023-02-22
1150,39,1,822.57,82.26,904.83,2023-02-23
1151,27,4,321.87,32.19,354.06,2023-02-24
1152,36,4,978.43,97.84,1076.27,2023-02-25
1153,29,5,410.34,41.03,451.37,2023-02-26
1154,38,1,403.58,40.36,443.94,2023-02-27
1155,33,3,380.72,38.07,418.79,2023-02-28
1156,37,4,209.9,20.99,230.89,2023-03-01
1157,27,1,200.02,20.0,220.02,2023-03-02
1158,33,4,683.29,68.33,751.62,2023-03-03
1159,4,3,887.61,88.76,976.37,2023-03-04
1160,22,4,811.47,81.15,892.62,2023-03-05
1161,2,5,227.0,22.7,249.7,2023-03-06
1162,10,5,591.02,59.1,650.12,2023-03-07
1163,5,4,195.03,19.5,214.53,2023-03-08
1164,10,1,140.77,14.08,154.85,2023-03-09
1165,33,1,690.75,69.08,759.83,2023-03-10
1166,38,1,581.64,58.16,639.8,2023-03-11
1167,13,4,173.82,17.38,191.2,2023-03-12
1168,31,1,131.45,13.14,144.59,2023-03-13
1169,47,3,990.78,99.08,1089.86,2023-03-14
1170,36,5,127.02,12.7,139.72,2023-03-15
1171,45,3,500.08,50.01,550.09,2023-03-16
1172,24,1,554.16,55.42,609.58,2023-03-17
1173,15,3,205.55,20.56,226.11,2023-03-18
1174,29,1,252.16,25.22,277.38,2023-03-19
1175,8,4,416.62,41.66,458.28,2023-03-20
1176,5,3,785.51,78.55,864.06,2023-03-21
1177,29,4,556.37,55.64,612.01,2023-03-22
1178,47,4,674.11,67.41,741.52,2023-03-23
1179,4,2,986.66,98.67,1085.33,2023-03-24
1180,12,1,791.2,79.12,870.32,2023-03-25
1181,45,5,490.93,49.09,540.02,2023-03-26
1182,2,1,501.8,50.18,551.98,2023-03-27
1183,27,5,656.89,65.69,722.58,2023-03-28
1184,31,1,698.83,69.88,768.71,2023-03-29
1185,36,4,550.64,55.06,605.7,2023-03-30
1186,36,3,680.38,68.04,748.42,2023-03-31
1187,26,3,121.18,12.12,133.3,2023-04-01
1188,43,2,486.66,48.67,535.33,2023-04-02
1189,27,5,351.04,35.1,386.14,2023-04-03
1190,5,5,216.26,21.63,237.89,2023-04-04
1191,20,5,189.59,18.96,208.55,2023-04-05
1192,11,4,642.87,64.29,707.16,2023-04-06
1193,10,5,571.24,57.12,628.36,2023-04-07
1194,40,3,328.23,32.82,361.05,2023-04-08
1195,38,4,523.86,52.39,576.25,2023-04-09
1196,6,1,543.01,54.3,597.31,2023-04-10
1197,8,5,275.51,27.55,303.06,2023-04-11
1198,23,5,686.88,68.69,755.57,2023-04-12
1199,47,1,802.83,80.28,883.11,2023-04-13
1200,26,5,812.32,81.23,893.55,2023-04-14
1201,46,1,642.22,64.22,706.44,2023-04-15
1202,43,4,560.47,56.05,616.52,2023-04-16
1203,12,3,154.91,15.49,170.4,2023-04-17
1204,26,1,359.05,35.9,394.95,2023-04-18
1205,13,2,183.94,18.39,202.33,2023-04-19
1206,40,1,967.44,96.74,1064.18,2023-04-20
1207,18,5,221.57,22.16,243.73,2023-04-21
1208,25,4,236.6,23.66,260.26,2023-04-22
1209,33,4,900.62,90.06,990.68,2023-04-23
1210,47,1,949.54,94.95,1044.49,2023-04-24
1211,40,3,789.25,78.93,868.18,2023-04-25
1212,43,2,104.86,10.49,115.35,2023-04-26
1213,12,4,101.21,10.12,111.33,2023-04-27
1214,44,5,440.29,44.03,484.32,2023-04-28
1215,36,5,229.06,22.91,251.97,2023-04-29
1216,48,3,116.55,11.66,128.21,2023-04-30
1217,4,4,517.66,51.77,569.43,2023-05-01
1218,5,1,948.76,94.88,1043.64,2023-05-02
1219,37,5,391.44,39.14,430.58,2023-05-03
1220,8,3,695.03,69.5,764.53,2023-05-04
1221,42,4,687.01,68.7,755.71,2023-05-05
1222,49,4,325.97,32.6,358.57,2023-05-06
1223,28,4,685.38,68.54,753.92,2023-05-07
1224,31,4,291.1,29.11,320.21,2023-05-08
1225,9,4,209.81,20.98,230.79,2023-05-09
1226,29,5,731.24,73.12,804.36,2023-05-10
1227,14,3,202.1,20.21,222.31,2023-05-11
1228,40,4,997.22,99.72,1096.94,2023-05-12
1229,41,2,265.11,26.51,291.62,2023-05-13
1230,22,2,634.73,63.47,698.2,2023-05-14
1231,11,3,470.24,47.02,517.26,2023-05-15
1232,23,1,213.75,21.38,235.13,2023-05-16
1233,1,1,125.06,12.51,137.57,2023-05-17
1234,46,1,660.46,66.05,726.51,2023-05-18
1235,37,2,826.08,82.61,908.69,2023-05-19
1236,21,1,857.81,85.78,943.59,2023-05-20
1237,26,5,534.44,53.44,587.88,2023-05-21
1238,46,4,799.71,79.97,879.68,2023-05-22
1239,36,2,705.56,70.56,776.12,2023-05-23
1240,23,3,751.83,75.18,827.01,2023-05-24
1241,1,3,543.34,54.33,597.67,2023-05-25
1242,40,4,670.07,67.01,737.08,2023-05-26
1243,15,2,824.97,82.5,907.47,2023-05-27
1244,21,1,458.1,45.81,503.91,2023-05-28
1245,47,1,825.38,82.54,907.92,2023-05-29
1246,9,5,632.82,63.28,696.1,2023-05-30
1247,9,5,249.31,24.93,274.24,2023-05-31
1248,10,1,122.22,12.22,134.44,2023-06-01
1249,26,3,426.48,42.65,469.13,2023-06-02
1250,41,3,592.03,59.2,651.23,2023-06-03
1251,35,5,855.84,85.58,941.42,2023-06-04
1252,25,4,214.74,21.47,236.21,2023-06-05
1253,26,1,820.19,82.02,902.21,2023-06-06
1254,11,5,876.71,87.67,964.38,2023-06-07
1255,38,5,235.62,23.56,259.18,2023-06-08
1256,2,1,866.43,86.64,953.07,2023-06-09
1257,7,1,992.31,99.23,1091.54,2023-06-10
1258,18,3,754.15,75.42,829.57,2023-06-11
1259,27,4,806.29,80.63,886.92,2023-06-12
1260,34,4,994.97,99.5,1094.47,2023-06-13
1261,27,1,644.93,64.49,709.42,2023-06-14
1262,17,2,377.1,37.71,414.81,2023-06-15
1263,43,5,853.78,85.38,939.16,2023-06-16
1264,44,5,653.04,65.3,718.34,2023-06-17
1265,24,1,623.08,62.31,685.39,2023-06-18
1266,25,2,328.27,32.83,361.1,2023-06-19
1267,7,3,780.7,78.07,858.77,2023-06-20
1268,6,1,173.5,17.35,190.85,2023-06-21
1269,24,1,931.86,93.19,1025.05,2023-06-22
1270,33,5,393.24,39.32,432.56,2023-06-23
1271,49,1,215.0,21.5,236.5,2023-06-24
1272,29,1,498.13,49.81,547.94,2023-06-25
1273,43,1,138.22,13.82,152.04,2023-06-26
1274,22,5,716.16,71.62,787.78,2023-06-27
1275,26,3,912.43,91.24,1003.67,2023-06-28
1276,28,3,853.54,85.35,938.89,2023-06-29
1277,50,1,214.63,21.46,236.09,2023-06-30
1278,21,5,213.64,21.36,235.0,2023-07-01
1279,49,3,832.09,83.21,915.3,2023-07-02
1280,7,3,931.83,93.18,1025.01,2023-07-03
1281,17,3,514.6,51.46,566.06,2023-07-04
1282,20,5,549.07,54.91,603.98,2023-07-05
1283,41,5,386.44,38.64,425.08,2023-07-06
1284,49,1,904.84,90.48,995.32,2023-07-07
1285,20,4,680.41,68.04,748.45,2023-07-08
1286,22,3,359.43,35.94,395.37,2023-07-09
1287,28,4,368.9,36.89,405.79,2023-07-10
1288,40,5,902.08,90.21,992.29,2023-07-11
1289,49,5,112.27,11.23,123.5,2023-07-12
1290,7,5,390.45,39.04,429.49,2023-07-13
1291,1,4,598.92,59.89,658.81,2023-07-14
1292,32,5,233.4,23.34,256.74,2023-07-15
1293,13,1,182.89,18.29,201.18,2023-07-16
1294,30,5,833.75,83.38,917.13,2023-07-17
1295,23,2,904.96,90.5,995.46,2023-07-18
1296,19,4,841.25,84.12,925.37,2023-07-19
1297,32,2,908.91,90.89,999.8,2023-07-20
1298,30,5,597.8,59.78,657.58,2023-07-21
1299,29,1,831.03,83.1,914.13,2023-07-22
1300,49,3,445.64,44.56,490.2,2023-07-23
1301,45,5,699.64,69.96,769.6,2023-07-24
1302,29,1,989.95,99.0,1088.95,2023-07-25
1303,30,4,303.15,30.32,333.47,2023-07-26
1304,16,2,450.91,45.09,496.0,2023-07-27
1305,40,2,532.04,53.2,585.24,2023-07-28
1306,19,2,224.21,22.42,246.63,2023-07-29
1307,18,4,172.93,17.29,190.22,2023-07-30
1308,1,1,846.75,84.68,931.43,2023-07-31
1309,14,4,979.11,97.91,1077.02,2023-08-01
1310,47,2,464.25,46.42,510.67,2023-08-02
1311,50,5,178.88,17.89,196.77,2023-08-03
1312,2,3,159.23,15.92,175.15,2023-08-04
1313,28,4,902.19,90.22,992.41,2023-08-05
1314,49,4,517.43,51.74,569.17,2023-08-06
1315,50,1,388.02,38.8,426.82,2023-08-07
1316,30,1,528.82,52.88,581.7,2023-08-08
1317,38,4,386.47,38.65,425.12,2023-08-09
1318,4,2,540.13,54.01,594.14,2023-08-10
1319,1,3,873.6,87.36,960.96,2023-08-11
1320,8,1,633.07,63.31,696.38,2023-08-12
1321,29,2,725.19,72.52,797.71,2023-08-13
1322,39,5,428.2,42.82,471.02,2023-08-14
1323,3,1,764.66,76.47,841.13,2023-08-15
1324,32,2,699.96,70.0,769.96,2023-08-16
1325,10,2,207.61,20.76,228.37,2023-08-17
1326,10,3,615.38,61.54,676.92,2023-08-18
1327,19,3,331.07,33.11,364.18,2023-08-19
1328,46,5,823.69,82.37,906.06,2023-08-20
1329,34,2,483.34,48.33,531.67,2023-08-21
1330,33,2,995.22,99.52,1094.74,2023-08-22
1331,23,3,183.25,18.32,201.57,2023-08-23
1332,28,1,802.31,80.23,882.54,2023-08-24
1333,32,1,706.33,70.63,776.96,2023-08-25
1334,50,4,790.75,79.08,869.83,2023-08-26
1335,7,3,376.78,37.68,414.46,2023-08-27
1336,29,4,542.85,54.28,597.13,2023-08-28
1337,8,3,816.86,81.69,898.55,2023-08-29
1338,1,5,309.29,30.93,340.22,2023-08-30
1339,3,2,303.43,30.34,333.77,2023-08-31
1340,24,5,595.95,59.6,655.55,2023-09-01
1341,23,3,571.21,57.12,628.33,2023-09-02
1342,8,2,354.04,35.4,389.44,2023-09-03
1343,47,1,368.27,36.83,405.1,2023-09-04
1344,37,1,350.06,35.01,385.07,2023-09-05
1345,3,4,794.36,79.44,873.8,2023-09-06
1346,33,3,686.71,68.67,755.38,2023-09-07
1347,28,3,849.18,84.92,934.1,2023-09-08
1348,47,1,977.93,97.79,1075.72,2023-09-09
1349,8,5,526.75,52.68,579.43,2023-09-10
1350,34,2,160.02,16.0,176.02,2023-09-11
1351,35,5,143.28,14.33,157.61,2023-09-12
1352,32,5,366.1,36.61,402.71,2023-09-13
1353,24,1,939.29,93.93,1033.22,2023-09-14
1354,14,1,570.89,57.09,627.98,2023-09-15
1355,32,1,344.61,34.46,379.07,2023-09-16
1356,46,4,459.25,45.92,505.17,2023-09-17
1357,43,5,638.74,63.87,702.61,2023-09-18
1358,16,3,687.65,68.76,756.41,2023-09-19
1359,4,2,238.53,23.85,262.38,2023-09-20
1360,37,4,979.33,97.93,1077.26,2023-09-21
1361,21,3,590.3,59.03,649.33,2023-09-22
1362,14,5,222.12,22.21,244.33,2023-09-23
1363,31,1,904.27,90.43,994.7,2023-09-24
1364,48,5,167.17,16.72,183.89,2023-09-25
1365,18,2,916.96,91.7,1008.66,2023-09-26
1366,7,4,996.91,99.69,1096.6,2023-09-27
1367,10,4,730.39,73.04,803.43,2023-09-28
1368,7,2,793.4,79.34,872.74,2023-09-29
1369,33,3,403.57,40.36,443.93,2023-09-30
1370,23,3,947.42,94.74,1042.16,2023-10-01
1371,21,4,576.74,57.67,634.41,2023-10-02
1372,19,4,759.15,75.92,835.07,2023-10-03
1373,48,1,931.7,93.17,1024.87,2023-10-04
1374,19,3,977.66,97.77,1075.43,2023-10-05
1375,36,2,849.88,84.99,934.87,2023-10-06
1376,29,3,372.72,37.27,409.99,2023-10-07
1377,18,1,969.89,96.99,1066.88,2023-10-08
1378,2,4,665.31,66.53,731.84,2023-10-09
1379,1,4,937.58,93.76,1031.34,2023-10-10
1380,47,1,708.49,70.85,779.34,2023-10-11
1381,5,2,376.52,37.65,414.17,2023-10-12
1382,20,4,433.02,43.3,476.32,2023-10-13
1383,11,5,595.42,59.54,654.96,2023-10-14
1384,42,4,811.01,81.1,892.11,2023-10-15
1385,2,5,386.18,38.62,424.8,2023-10-16
1386,3,1,621.76,62.18,683.94,2023-10-17
1387,23,1,411.06,41.11,452.17,2023-10-18
1388,12,4,834.19,83.42,917.61,2023-10-19
1389,20,3,520.06,52.01,572.07,2023-10-20
1390,5,5,169.05,16.9,185.95,2023-10-21
1391,37,2,249.45,24.94,274.39,2023-10-22
1392,38,4,154.99,15.5,170.49,2023-10-23
1393,30,2,549.37,54.94,604.31,2023-10-24
1394,9,4,195.7,19.57,215.27,2023-10-25
1395,34,3,202.73,20.27,223.0,2023-10-26
1396,44,3,946.94,94.69,1041.63,2023-10-27
1397,35,3,885.39,88.54,973.93,2023-10-28
1398,22,3,506.88,50.69,557.57,2023-10-29
1399,44,1,987.22,98.72,1085.94,2023-10-30
1400,24,1,100.17,10.02,110.19,2023-10-31
1401,17,5,652.58,65.26,717.84,2023-11-01
1402,10,2,654.79,65.48,720.27,2023-11-02
1403,30,4,511.7,51.17,562.87,2023-11-03
1404,46,4,457.25,45.72,502.97,2023-11-04
1405,23,1,509.84,50.98,560.82,2023-11-05
1406,32,4,473.46,47.35,520.81,2023-11-06
1407,17,1,757.44,75.74,833.18,2023-11-07
1408,50,5,221.82,22.18,244.0,2023-11-08
1409,17,2,277.88,27.79,305.67,2023-11-09
1410,14,5,262.47,26.25,288.72,2023-11-10
1411,9,3,336.22,33.62,369.84,2023-11-11
1412,40,3,572.73,57.27,630.0,2023-11-12
1413,2,3,200.09,20.01,220.1,2023-11-13
1414,45,5,881.35,88.14,969.49,2023-11-14
1415,25,4,367.63,36.76,404.39,2023-11-15
1416,39,2,246.28,24.63,270.91,2023-11-16
1417,9,3,708.06,70.81,778.87,2023-11-17
1418,22,3,134.28,13.43,147.71,2023-11-18
1419,43,3,657.97,65.8,723.77,2023-11-19
1420,46,2,728.38,72.84,801.22,2023-11-20
1421,4,3,293.42,29.34,322.76,2023-11-21
1422,26,2,137.77,13.78,151.55,2023-11-22
1423,29,3,427.28,42.73,470.01,2023-11-23
1424,45,5,188.73,18.87,207.6,2023-11-24
1425,34,5,204.83,20.48,225.31,2023-11-25
1426,23,2,328.84,32.88,361.72,2023-11-26
1427,37,5,365.92,36.59,402.51,2023-11-27
1428,11,2,576.97,57.7,634.67,2023-11-28
1429,6,5,710.55,71.05,781.6,2023-11-29
1430,18,5,633.49,63.35,696.84,2023-11-30
1431,21,2,233.52,23.35,256.87,2023-12-01
1432,42,4,254.88,25.49,280.37,2023-12-02
1433,36,5,890.89,89.09,979.98,2023-12-03
1434,41,3,602.52,60.25,662.77,2023-12-04
1435,38,4,882.94,88.29,971.23,2023-12-05
1436,34,2,434.39,43.44,477.83,2023-12-06
1437,17,4,652.96,65.3,718.26,2023-12-07
1438,37,1,571.3,57.13,628.43,2023-12-08
1439,25,1,387.21,38.72,425.93,2023-12-09
1440,38,5,522.92,52.29,575.21,2023-12-10
1441,12,5,552.24,55.22,607.46,2023-12-11
1442,23,3,280.69,28.07,308.76,2023-12-12
1443,42,4,383.51,38.35,421.86,2023-12-13
1444,22,1,812.27,81.23,893.5,2023-12-14
1445,21,5,924.21,92.42,1016.63,2023-12-15
1446,27,4,423.81,42.38,466.19,2023-12-16
1447,31,5,376.28,37.63,413.91,2023-12-17
1448,6,5,275.68,27.57,303.25,2023-12-18
1449,27,1,710.64,71.06,781.7,2023-12-19
1450,40,1,390.79,39.08,429.87,2023-12-20
1451,34,5,988.97,98.9,1087.87,2023-12-21
1452,12,2,393.12,39.31,432.43,2023-12-22
1453,45,5,454.72,45.47,500.19,2023-12-23
1454,7,5,643.0,64.3,707.3,2023-12-24
1455,10,3,821.52,82.15,903.67,2023-12-25
1456,45,3,522.57,52.26,574.83,2023-12-26
1457,17,3,480.39,48.04,528.43,2023-12-27
1458,26,2,996.07,99.61,1095.68,2023-12-28
1459,21,2,109.44,10.94,120.38,2023-12-29
1460,28,5,905.56,90.56,996.12,2023-12-30
1461,46,3,234.23,23.42,257.65,2023-12-31
1462,2,2,807.33,80.73,888.06,2024-01-01
1463,43,1,656.14,65.61,721.75,2024-01-02
1464,1,5,407.66,40.77,448.43,2024-01-03
1465,36,4,886.49,88.65,975.14,2024-01-04
1466,26,5,111.62,11.16,122.78,2024-01-05
1467,29,4,304.02,30.4,334.42,2024-01-06
1468,21,3,610.2,61.02,671.22,2024-01-07
1469,11,4,416.39,41.64,458.03,2024-01-08
1470,40,3,649.34,64.93,714.27,2024-01-09
1471,11,1,121.7,12.17,133.87,2024-01-10
1472,36,4,204.81,20.48,225.29,2024-01-11
1473,49,5,214.39,21.44,235.83,2024-01-12
1474,39,3,270.36,27.04,297.4,2024-01-13
1475,40,5,513.4,51.34,564.74,2024-01-14
1476,35,2,776.92,77.69,854.61,2024-01-15
1477,34,3,914.98,91.5,1006.48,2024-01-16
1478,47,4,851.84,85.18,937.02,2024-01-17
1479,24,3,277.2,27.72,304.92,2024-01-18
1480,22,5,497.04,49.7,546.74,2024-01-19
1481,5,1,279.47,27.95,307.42,2024-01-20
1482,33,3,338.02,33.8,371.82,2024-01-21
1483,36,4,553.19,55.32,608.51,2024-01-22
1484,47,2,161.3,16.13,177.43,2024-01-23
1485,20,1,296.36,29.64,326.0,2024-01-24
1486,19,2,941.84,94.18,1036.02,2024-01-25
1487,35,3,519.5,51.95,571.45,2024-01-26
1488,43,5,500.85,50.09,550.94,2024-01-27
1489,17,5,113.11,11.31,124.42,2024-01-28
1490,45,4,322.66,32.27,354.93,2024-01-29
1491,43,5,879.66,87.97,967.63,2024-01-30
1492,34,1,248.17,24.82,272.99,2024-01-31
1493,9,5,473.61,47.36,520.97,2024-02-01
1494,26,4,112.9,11.29,124.19,2024-02-02
1495,2,3,530.5,53.05,583.55,2024-02-03
1496,9,3,118.92,11.89,130.81,2024-02-04
1497,9,5,837.65,83.76,921.41,2024-02-05
1498,40,2,842.37,84.24,926.61,2024-02-06
1499,17,3,808.97,80.9,889.87,2024-02-07
1500,1,5,355.03,35.5,390.53,2024-02-08
1501,25,4,853.51,85.35,938.86,2024-02-09
1502,43,5,588.7,58.87,647.57,2024-02-10
1503,40,3,436.43,43.64,480.07,2024-02-11
1504,42,4,662.8,66.28,729.08,2024-02-12
1505,25,5,111.11,11.11,122.22,2024-02-13
1506,39,1,228.66,22.87,251.53,2024-02-14
1507,35,4,768.06,76.81,844.87,2024-02-15
1508,3,1,319.75,31.98,351.73,2024-02-16
1509,50,2,638.21,63.82,702.03,2024-02-17
1510,37,4,446.59,44.66,491.25,2024-02-18
1511,44,1,869.33,86.93,956.26,2024-02-19
1512,44,3,957.17,95.72,1052.89,2024-02-20
1513,30,3,895.21,89.52,984.73,2024-02-21
1514,38,2,343.56,34.36,377.92,2024-02-22
1515,34,4,274.75,27.48,302.23,2024-02-23
1516,12,4,526.99,52.7,579.69,2024-02-24
1517,19,4,106.6,10.66,117.26,2024-02-25
1518,37,2,123.23,12.32,135.55,2024-02-26
1519,44,4,597.96,59.8,657.76,2024-02-27
1520,49,3,568.4,56.84,625.24,2024-02-28
1521,17,1,995.12,99.51,1094.63,2024-02-29
1522,10,3,281.66,28.17,309.83,2024-03-01
1523,49,3,332.29,33.23,365.52,2024-03-02
1524,47,1,202.19,20.22,222.41,2024-03-03
1525,12,3,925.79,92.58,1018.37,2024-03-04
1526,16,2,800.03,80.0,880.03,2024-03-05
1527,24,1,840.11,84.01,924.12,2024-03-06
1528,19,3,912.49,91.25,1003.74,2024-03-07
1529,8,5,572.41,57.24,629.65,2024-03-08
1530,31,3,506.07,50.61,556.68,2024-03-09
1531,21,2,397.35,39.74,437.09,2024-03-10
1532,17,4,630.29,63.03,693.32,2024-03-11
1533,23,3,508.85,50.89,559.74,2024-03-12
1534,37,4,506.41,50.64,557.05,2024-03-13
1535,16,5,943.24,94.32,1037.56,2024-03-14
1536,6,3,985.63,98.56,1084.19,2024-03-15
1537,8,1,816.84,81.68,898.52,2024-03-16
1538,25,4,781.08,78.11,859.19,2024-03-17
1539,18,5,712.5,71.25,783.75,2024-03-18
1540,25,1,249.47,24.95,274.42,2024-03-19
1541,12,1,153.2,15.32,168.52,2024-03-20
1542,15,1,721.65,72.17,793.82,2024-03-21
1543,26,1,755.91,75.59,831.5,2024-03-22
1544,41,3,142.28,14.23,156.51,2024-03-23
1545,45,3,935.25,93.52,1028.77,2024-03-24
1546,26,3,182.03,18.2,200.23,2024-03-25
1547,47,5,357.31,35.73,393.04,2024-03-26
1548,32,5,705.15,70.52,775.67,2024-03-27
1549,10,5,252.89,25.29,278.18,2024-03-28
1550,16,2,149.87,14.99,164.86,2024-03-29
1551,7,5,398.03,39.8,437.83,2024-03-30
1552,17,3,789.37,78.94,868.31,2024-03-31
1553,23,3,472.31,47.23,519.54,2024-04-01
1554,26,2,687.68,68.77,756.45,2024-04-02
1555,21,2,621.66,62.17,683.83,2024-04-03
1556,22,5,120.0,12.0,132.0,2024-04-04
1557,7,4,989.69,98.97,1088.66,2024-04-05
1558,14,2,137.29,13.73,151.02,2024-04-06
1559,15,1,971.02,97.1,1068.12,2024-04-07
1560,7,3,594.88,59.49,654.37,2024-04-08
1561,9,1,966.84,96.68,1063.52,2024-04-09
1562,48,3,203.28,20.33,223.61,2024-04-10
1563,8,3,541.37,54.14,595.51,2024-04-11
1564,50,2,252.55,25.26,277.81,2024-04-12
1565,23,2,145.88,14.59,160.47,2024-04-13
1566,29,1,655.78,65.58,721.36,2024-04-14
1567,18,3,287.01,28.7,315.71,2024-04-15
1568,31,1,628.93,62.89,691.82,2024-04-16
1569,30,4,201.13,20.11,221.24,2024-04-17
1570,39,1,398.79,39.88,438.67,2024-04-18
1571,35,5,803.47,80.35,883.82,2024-04-19
1572,18,1,493.35,49.34,542.69,2024-04-20
1573,42,5,664.97,66.5,731.47,2024-04-21
1574,39,5,682.71,68.27,750.98,2024-04-22
1575,17,5,859.38,85.94,945.32,2024-04-23
1576,14,4,392.43,39.24,431.67,2024-04-24
1577,31,1,718.57,71.86,790.43,2024-04-25
1578,24,1,965.45,96.55,1062.0,2024-04-26
1579,35,4,757.22,75.72,832.94,2024-04-27
1580,44,3,540.88,54.09,594.97,2024-04-28
1581,45,2,667.65,66.76,734.41,2024-04-29
1582,34,1,765.71,76.57,842.28,2024-04-30
1583,3,2,651.05,65.1,716.15,2024-05-01
1584,37,4,115.01,11.5,126.51,2024-05-02
1585,43,3,275.3,27.53,302.83,2024-05-03
1586,40,3,829.42,82.94,912.36,2024-05-04
1587,26,3,345.39,34.54,379.93,2024-05-05
1588,23,4,758.41,75.84,834.25,2024-05-06
1589,44,5,434.91,43.49,478.4,2024-05-07
1590,39,5,569.7,56.97,626.67,2024-05-08
1591,15,2,161.18,16.12,177.3,2024-05-09
1592,49,5,263.1,26.31,289.41,2024-05-10
1593,4,5,961.48,96.15,1057.63,2024-05-11
1594,29,3,901.12,90.11,991.23,2024-05-12
1595,22,3,687.05,68.7,755.75,2024-05-13
1596,25,2,513.68,51.37,565.05,2024-05-14
1597,13,1,708.19,70.82,779.01,2024-05-15
1598,18,2,656.75,65.68,722.43,2024-05-16
1599,33,2,611.7,61.17,672.87,2024-05-17
1600,16,4,153.26,15.33,168.59,2024-05-18
1601,45,4,669.52,66.95,736.47,2024-05-19
1602,42,2,792.03,79.2,871.23,2024-05-20
1603,44,2,994.67,99.47,1094.14,2024-05-21
1604,2,2,109.97,11.0,120.97,2024-05-22
1605,35,5,757.16,75.72,832.88,2024-05-23
1606,42,4,614.61,61.46,676.07,2024-05-24
1607,34,2,490.65,49.06,539.71,2024-05-25
1608,30,3,214.81,21.48,236.29,2024-05-26
1609,13,3,468.18,46.82,515.0,2024-05-27
1610,13,5,418.94,41.89,460.83,2024-05-28
1611,18,5,372.55,37.26,409.81,2024-05-29
1612,32,1,757.79,75.78,833.57,2024-05-30
1613,32,1,730.65,73.06,803.71,2024-05-31
1614,35,1,630.12,63.01,693.13,2024-06-01
1615,39,5,944.8,94.48,1039.28,2024-06-02
1616,46,5,414.87,41.49,456.36,2024-06-03
1617,29,5,319.42,31.94,351.36,2024-06-04
1618,49,3,690.31,69.03,759.34,2024-06-05
1619,29,5,278.93,27.89,306.82,2024-06-06
1620,44,3,383.51,38.35,421.86,2024-06-07
1621,16,1,302.14,30.21,332.35,2024-06-08
1622,44,1,162.24,16.22,178.46,2024-06-09
1623,47,1,844.75,84.48,929.23,2024-06-10
1624,10,2,329.09,32.91,362.0,2024-06-11
1625,30,2,525.72,52.57,578.29,2024-06-12
1626,25,4,138.98,13.9,152.88,2024-06-13
1627,39,4,729.41,72.94,802.35,2024-06-14
1628,20,4,397.5,39.75,437.25,2024-06-15
1629,5,2,770.26,77.03,847.29,2024-06-16
1630,1,2,471.16,47.12,518.28,2024-06-17
1631,30,4,276.18,27.62,303.8,2024-06-18
1632,49,4,561.86,56.19,618.05,2024-06-19
1633,3,5,217.45,21.74,239.19,2024-06-20
1634,45,4,496.49,49.65,546.14,2024-06-21
1635,14,5,385.57,38.56,424.13,2024-06-22
1636,30,3,920.76,92.08,1012.84,2024-06-23
1637,50,2,154.84,15.48,170.32,2024-06-24
1638,4,4,724.62,72.46,797.08,2024-06-25
1639,18,2,264.48,26.45,290.93,2024-06-26
1640,37,2,387.14,38.71,425.85,2024-06-27
1641,25,2,473.96,47.4,521.36,2024-06-28
1642,48,3,917.21,91.72,1008.93,2024-06-29
1643,1,1,318.32,31.83,350.15,2024-06-30
1644,46,4,182.18,18.22,200.4,2024-07-01
1645,15,1,386.82,38.68,425.5,2024-07-02
1646,9,1,194.21,19.42,213.63,2024-07-03
1647,15,1,215.74,21.57,237.31,2024-07-04
1648,49,2,616.47,61.65,678.12,2024-07-05
1649,24,5,154.81,15.48,170.29,2024-07-06
1650,4,2,127.84,12.78,140.62,2024-07-07
1651,12,2,742.97,74.3,817.27,2024-07-08
1652,37,1,425.48,42.55,468.03,2024-07-09
1653,37,2,212.84,21.28,234.12,2024-07-10
1654,43,1,328.25,32.83,361.08,2024-07-11
1655,6,5,677.88,67.79,745.67,2024-07-12
1656,39,4,347.98,34.8,382.78,2024-07-13
1657,46,1,545.07,54.51,599.58,2024-07-14
1658,24,5,209.53,20.95,230.48,2024-07-15
1659,11,4,629.28,62.93,692.21,2024-07-16
1660,13,3,384.47,38.45,422.92,2024-07-17
1661,34,1,664.27,66.43,730.7,2024-07-18
1662,25,1,827.56,82.76,910.32,2024-07-19
1663,7,3,650.48,65.05,715.53,2024-07-20
1664,4,3,366.17,36.62,402.79,2024-07-21
1665,8,1,330.17,33.02,363.19,2024-07-22
1666,20,3,394.68,39.47,434.15,2024-07-23
1667,29,2,248.16,24.82,272.98,2024-07-24
1668,45,4,263.05,26.31,289.36,2024-07-25
1669,46,4,811.62,81.16,892.78,2024-07-26
1670,10,4,446.26,44.63,490.89,2024-07-27
1671,43,2,492.4,49.24,541.64,2024-07-28
1672,34,3,634.64,63.46,698.1,2024-07-29
1673,26,5,630.69,63.07,693.76,2024-07-30
1674,41,3,160.64,16.06,176.7,2024-07-31
1675,49,1,848.39,84.84,933.23,2024-08-01
1676,3,4,259.59,25.96,285.55,2024-08-02
1677,6,3,750.76,75.08,825.84,2024-08-03
1678,5,5,795.4,79.54,874.94,2024-08-04
1679,5,1,743.41,74.34,817.75,2024-08-05
1680,47,2,621.08,62.11,683.19,2024-08-06
1681,23,2,113.15,11.32,124.47,2024-08-07
1682,49,5,424.34,42.43,466.77,2024-08-08
1683,9,1,644.36,64.44,708.8,2024-08-09
1684,35,4,448.71,44.87,493.58,2024-08-10
1685,20,3,877.13,87.71,964.84,2024-08-11
1686,49,1,377.92,37.79,415.71,2024-08-12
1687,42,2,364.18,36.42,400.6,2024-08-13
1688,35,5,339.4,33.94,373.34,2024-08-14
1689,50,5,399.5,39.95,439.45,2024-08-15
1690,18,3,601.66,60.17,661.83,2024-08-16
1691,17,5,736.31,73.63,809.94,2024-08-17
1692,24,5,696.31,69.63,765.94,2024-08-18
1693,3,1,826.95,82.7,909.65,2024-08-19
1694,32,4,897.32,89.73,987.05,2024-08-20
1695,35,3,834.47,83.45,917.92,2024-08-21
1696,38,1,117.05,11.7,128.75,2024-08-22
1697,13,4,762.33,76.23,838.56,2024-08-23
1698,47,1,287.56,28.76,316.32,2024-08-24
1699,25,1,219.64,21.96,241.6,2024-08-25
1700,9,5,674.64,67.46,742.1,2024-08-26
1701,4,4,387.77,38.78,426.55,2024-08-27
1702,14,3,151.41,15.14,166.55,2024-08-28
1703,37,3,223.87,22.39,246.26,2024-08-29
1704,34,4,100.84,10.08,110.92,2024-08-30
1705,11,5,912.9,91.29,1004.19,2024-08-31
1706,41,2,122.16,12.22,134.38,2024-09-01
1707,3,1,288.51,28.85,317.36,2024-09-02
1708,28,5,474.64,47.46,522.1,2024-09-03
1709,29,4,420.91,42.09,463.0,2024-09-04
1710,9,1,920.55,92.06,1012.61,2024-09-05
1711,3,3,136.26,13.63,149.89,2024-09-06
1712,25,2,560.99,56.1,617.09,2024-09-07
1713,34,3,712.43,71.24,783.67,2024-09-08
1714,12,4,938.53,93.85,1032.38,2024-09-09
1715,42,1,658.33,65.83,724.16,2024-09-10
1716,9,4,823.38,82.34,905.72,2024-09-11
1717,15,1,175.35,17.54,192.89,2024-09-12
1718,40,5,447.35,44.74,492.09,2024-09-13
1719,25,2,436.55,43.66,480.21,2024-09-14
1720,5,5,897.66,89.77,987.43,2024-09-15
1721,11,5,236.23,23.62,259.85,2024-09-16
1722,34,4,236.7,23.67,260.37,2024-09-17
1723,24,2,395.7,39.57,435.27,2024-09-18
1724,15,1,149.02,14.9,163.92,2024-09-19
1725,38,1,264.21,26.42,290.63,2024-09-20
1726,8,3,968.69,96.87,1065.56,2024-09-21
1727,5,1,485.37,48.54,533.91,2024-09-22
1728,48,4,668.82,66.88,735.7,2024-09-23
1729,26,5,753.5,75.35,828.85,2024-09-24
1730,18,5,430.27,43.03,473.3,2024-09-25
1731,6,5,232.5,23.25,255.75,2024-09-26
1732,37,2,285.92,28.59,314.51,2024-09-27
1733,48,1,381.94,38.19,420.13,2024-09-28
1734,13,4,672.46,67.25,739.71,2024-09-29
1735,28,2,458.45,45.84,504.29,2024-09-30
1736,5,3,106.13,10.61,116.74,2024-10-01
1737,13,4,571.07,57.11,628.18,2024-10-02
1738,17,4,929.36,92.94,1022.3,2024-10-03
1739,50,4,830.87,83.09,913.96,2024-10-04
1740,40,5,842.69,84.27,926.96,2024-10-05
1741,45,4,815.55,81.56,897.11,2024-10-06
1742,32,1,391.36,39.14,430.5,2024-10-07
1743,29,4,788.67,78.87,867.54,2024-10-08
1744,3,5,228.85,22.88,251.73,2024-10-09
1745,40,4,691.94,69.19,761.13,2024-10-10
1746,34,3,677.41,67.74,745.15,2024-10-11
1747,40,3,123.01,12.3,135.31,2024-10-12
1748,27,5,809.17,80.92,890.09,2024-10-13
1749,13,1,912.92,91.29,1004.21,2024-10-14
1750,45,1,340.67,34.07,374.74,2024-10-15
1751,33,2,831.15,83.12,914.27,2024-10-16
1752,6,5,174.17,17.42,191.59,2024-10-17
1753,24,4,639.97,64.0,703.97,2024-10-18
1754,19,5,537.08,53.71,590.79,2024-10-19
1755,16,2,591.33,59.13,650.46,2024-10-20
1756,40,5,933.58,93.36,1026.94,2024-10-21
1757,28,5,884.18,88.42,972.6,2024-10-22
1758,33,2,806.58,80.66,887.24,2024-10-23
1759,48,1,346.33,34.63,380.96,2024-10-24
1760,41,4,920.64,92.06,1012.7,2024-10-25
1761,13,2,187.76,18.78,206.54,2024-10-26
1762,43,3,868.0,86.8,954.8,2024-10-27
1763,45,1,395.34,39.53,434.87,2024-10-28
1764,25,3,148.4,14.84,163.24,2024-10-29
1765,42,1,702.42,70.24,772.66,2024-10-30
1766,36,4,308.15,30.82,338.97,2024-10-31
1767,27,4,319.21,31.92,351.13,2024-11-01
1768,38,5,375.44,37.54,412.98,2024-11-02
1769,7,3,157.32,15.73,173.05,2024-11-03
1770,5,1,259.41,25.94,285.35,2024-11-04
1771,43,4,104.63,10.46,115.09,2024-11-05
1772,45,2,500.87,50.09,550.96,2024-11-06
1773,31,4,175.83,17.58,193.41,2024-11-07
1774,23,2,714.39,71.44,785.83,2024-11-08
1775,42,1,312.06,31.21,343.27,2024-11-09
1776,10,4,949.22,94.92,1044.14,2024-11-10
1777,32,4,884.13,88.41,972.54,2024-11-11
1778,43,1,360.5,36.05,396.55,2024-11-12
1779,30,4,804.89,80.49,885.38,2024-11-13
1780,39,2,822.92,82.29,905.21,2024-11-14
1781,31,4,987.91,98.79,1086.7,2024-11-15
1782,18,3,638.06,63.81,701.87,2024-11-16
1783,36,5,173.77,17.38,191.15,2024-11-17
1784,2,2,682.15,68.22,750.37,2024-11-18
1785,14,3,662.48,66.25,728.73,2024-11-19
1786,13,1,674.52,67.45,741.97,2024-11-20
1787,29,2,376.43,37.64,414.07,2024-11-21
1788,12,5,873.71,87.37,961.08,2024-11-22
1789,39,5,963.52,96.35,1059.87,2024-11-23
1790,2,1,295.94,29.59,325.53,2024-11-24
1791,32,1,179.34,17.93,197.27,2024-11-25
1792,13,2,275.08,27.51,302.59,2024-11-26
1793,46,4,838.5,83.85,922.35,2024-11-27
1794,27,1,708.98,70.9,779.88,2024-11-28
1795,49,4,672.44,67.24,739.68,2024-11-29
1796,41,3,461.61,46.16,507.77,2024-11-30
1797,17,5,620.05,62.0,682.05,2024-12-01
1798,40,4,377.09,37.71,414.8,2024-12-02
1799,31,5,529.48,52.95,582.43,2024-12-03
1800,34,4,813.76,81.38,895.14,2024-12-04
1801,24,3,983.12,98.31,1081.43,2024-12-05
1802,45,1,939.24,93.92,1033.16,2024-12-06
1803,35,3,940.48,94.05,1034.53,2024-12-07
1804,48,1,462.0,46.2,508.2,2024-12-08
1805,6,1,521.91,52.19,574.1,2024-12-09
1806,19,5,735.07,73.51,808.58,2024-12-10
1807,30,3,929.97,93.0,1022.97,2024-12-11
1808,7,4,227.79,22.78,250.57,2024-12-12
1809,10,3,373.82,37.38,411.2,2024-12-13
1810,41,5,225.32,22.53,247.85,2024-12-14
1811,32,1,650.81,65.08,715.89,2024-12-15
1812,34,5,375.67,37.57,413.24,2024-12-16
1813,28,2,393.5,39.35,432.85,2024-12-17
1814,15,2,163.82,16.38,180.2,2024-12-18
1815,30,4,414.82,41.48,456.3,2024-12-19
1816,37,5,876.25,87.62,963.87,2024-12-20
1817,29,4,309.77,30.98,340.75,2024-12-21
1818,22,4,725.67,72.57,798.24,2024-12-22
1819,4,2,666.67,66.67,733.34,2024-12-23
1820,20,4,877.14,87.71,964.85,2024-12-24
1821,32,2,219.06,21.91,240.97,2024-12-25
1822,36,1,979.83,97.98,1077.81,2024-12-26
1823,50,5,624.37,62.44,686.81,2024-12-27
1824,4,4,995.93,99.59,1095.52,2024-12-28
1825,27,2,920.36,92.04,1012.4,2024-12-29
1826,17,3,299.37,29.94,329.31,2024-12-30
1827,12,4,150.55,15.06,165.61,2024-12-31
1828,22,1,330.08,33.01,363.09,2025-01-01
1829,17,1,574.81,57.48,632.29,2025-01-02
1830,10,3,254.44,25.44,279.88,2025-01-03
1831,1,2,250.71,25.07,275.78,2025-01-04
1832,22,4,516.33,51.63,567.96,2025-01-05
1833,26,2,129.94,12.99,142.93,2025-01-06
1834,18,1,209.7,20.97,230.67,2025-01-07
1835,50,2,474.28,47.43,521.71,2025-01-08
1836,14,1,156.82,15.68,172.5,2025-01-09
1837,47,2,457.08,45.71,502.79,2025-01-10
1838,29,3,526.61,52.66,579.27,2025-01-11
1839,12,5,506.14,50.61,556.75,2025-01-12
1840,36,3,882.26,88.23,970.49,2025-01-13
1841,35,3,577.06,57.71,634.77,2025-01-14
1842,12,5,521.18,52.12,573.3,2025-01-15
1843,7,5,469.64,46.96,516.6,2025-01-16
1844,29,4,835.86,83.59,919.45,2025-01-17
1845,11,4,905.55,90.56,996.11,2025-01-18
1846,33,3,867.92,86.79,954.71,2025-01-19
1847,6,3,706.19,70.62,776.81,2025-01-20
1848,47,1,223.63,22.36,245.99,2025-01-21
1849,15,1,349.18,34.92,384.1,2025-01-22
1850,32,4,141.46,14.15,155.61,2025-01-23
1851,11,4,937.74,93.77,1031.51,2025-01-24
1852,23,1,694.72,69.47,764.19,2025-01-25
1853,26,1,771.73,77.17,848.9,2025-01-26
1854,34,2,380.41,38.04,418.45,2025-01-27
1855,46,2,861.09,86.11,947.2,2025-01-28
1856,34,1,333.64,33.36,367.0,2025-01-29
1857,29,2,101.48,10.15,111.63,2025-01-30
1858,4,5,438.77,43.88,482.65,2025-01-31
1859,17,4,613.69,61.37,675.06,2025-02-01
1860,35,4,530.83,53.08,583.91,2025-02-02
1861,13,1,875.87,87.59,963.46,2025-02-03
1862,41,3,194.86,19.49,214.35,2025-02-04
1863,39,1,598.44,59.84,658.28,2025-02-05
1864,15,2,561.68,56.17,617.85,2025-02-06
1865,29,3,353.25,35.33,388.58,2025-02-07
1866,29,2,840.01,84.0,924.01,2025-02-08
1867,11,5,777.56,77.76,855.32,2025-02-09
1868,32,2,759.57,75.96,835.53,2025-02-10
1869,2,5,888.57,88.86,977.43,2025-02-11
1870,47,5,750.51,75.05,825.56,2025-02-12
1871,14,2,308.66,30.87,339.53,2025-02-13
1872,20,2,735.01,73.5,808.51,2025-02-14
1873,22,5,376.93,37.69,414.62,2025-02-15
1874,11,3,317.96,31.8,349.76,2025-02-16
1875,27,5,165.7,16.57,182.27,2025-02-17
1876,3,4,769.63,76.96,846.59,2025-02-18
1877,17,5,739.9,73.99,813.89,2025-02-19
1878,44,3,311.05,31.11,342.16,2025-02-20
1879,28,4,774.44,77.44,851.88,2025-02-21
1880,29,1,926.06,92.61,1018.67,2025-02-22
1881,21,1,197.23,19.72,216.95,2025-02-23
1882,47,3,309.37,30.94,340.31,2025-02-24
1883,16,5,775.23,77.52,852.75,2025-02-25
1884,37,2,347.06,34.71,381.77,2025-02-26
1885,20,3,662.2,66.22,728.42,2025-02-27
1886,6,4,173.05,17.31,190.36,2025-02-28
1887,19,4,506.98,50.7,557.68,2025-03-01
1888,5,1,765.18,76.52,841.7,2025-03-02
1889,3,4,717.86,71.79,789.65,2025-03-03
1890,1,3,833.56,83.36,916.92,2025-03-04
1891,38,4,889.71,88.97,978.68,2025-03-05
1892,15,3,795.87,79.59,875.46,2025-03-06
1893,34,2,704.43,70.44,774.87,2025-03-07
1894,35,1,128.55,12.86,141.41,2025-03-08
1895,49,4,581.47,58.15,639.62,2025-03-09
1896,25,3,133.93,13.39,147.32,2025-03-10
1897,24,5,827.26,82.73,909.99,2025-03-11
1898,12,1,388.65,38.86,427.51,2025-03-12
1899,18,2,606.19,60.62,666.81,2025-03-13
1900,15,3,351.5,35.15,386.65,2025-03-14
1901,44,2,804.25,80.43,884.68,2025-03-15
1902,16,2,897.85,89.79,987.64,2025-03-16
1903,27,4,458.78,45.88,504.66,2025-03-17
1904,8,4,876.63,87.66,964.29,2025-03-18
1905,46,3,340.37,34.04,374.41,2025-03-19
1906,25,5,581.19,58.12,639.31,2025-03-20
1907,17,3,872.89,87.29,960.18,2025-03-21
1908,29,5,393.29,39.33,432.62,2025-03-22
1909,8,2,958.64,95.86,1054.5,2025-03-23
1910,15,1,209.69,20.97,230.66,2025-03-24
1911,27,3,116.45,11.65,128.1,2025-03-25
1912,46,3,913.72,91.37,1005.09,2025-03-26
1913,50,5,161.78,16.18,177.96,2025-03-27
1914,7,2,992.7,99.27,1091.97,2025-03-28
1915,3,2,956.26,95.63,1051.89,2025-03-29
1916,29,5,223.32,22.33,245.65,2025-03-30
1917,44,2,583.83,58.38,642.21,2025-03-31
1918,24,4,266.43,26.64,293.07,2025-04-01
1919,3,1,485.34,48.53,533.87,2025-04-02
1920,20,3,155.28,15.53,170.81,2025-04-03
1921,46,1,301.53,30.15,331.68,2025-04-04
1922,15,3,426.95,42.7,469.65,2025-04-05
1923,25,4,494.78,49.48,544.26,2025-04-06
1924,30,2,979.75,97.98,1077.73,2025-04-07
1925,14,5,827.08,82.71,909.79,2025-04-08
1926,7,4,763.67,76.37,840.04,2025-04-09
1927,17,1,583.34,58.33,641.67,2025-04-10
1928,44,5,856.0,85.6,941.6,2025-04-11
1929,20,2,405.39,40.54,445.93,2025-04-12
1930,36,4,738.01,73.8,811.81,2025-04-13
1931,9,5,994.41,99.44,1093.85,2025-04-14
1932,38,4,383.17,38.32,421.49,2025-04-15
1933,48,4,706.62,70.66,777.28,2025-04-16
1934,22,2,859.88,85.99,945.87,2025-04-17
1935,2,3,924.23,92.42,1016.65,2025-04-18
1936,24,5,746.14,74.61,820.75,2025-04-19
1937,8,2,355.25,35.52,390.77,2025-04-20
1938,11,4,393.65,39.36,433.01,2025-04-21
1939,13,2,118.68,11.87,130.55,2025-04-22
1940,17,3,784.8,78.48,863.28,2025-04-23
1941,8,5,138.47,13.85,152.32,2025-04-24
1942,21,3,878.19,87.82,966.01,2025-04-25
1943,18,1,206.79,20.68,227.47,2025-04-26
1944,30,5,254.69,25.47,280.16,2025-04-27
1945,18,3,528.87,52.89,581.76,2025-04-28
1946,46,4,764.09,76.41,840.5,2025-04-29
1947,47,5,225.1,22.51,247.61,2025-04-30
1948,31,5,496.06,49.61,545.67,2025-05-01
1949,38,2,534.57,53.46,588.03,2025-05-02
1950,32,4,291.06,29.11,320.17,2025-05-03
1951,11,1,204.0,20.4,224.4,2025-05-04
1952,45,3,852.78,85.28,938.06,2025-05-05
1953,25,2,552.22,55.22,607.44,2025-05-06
1954,33,3,112.94,11.29,124.23,2025-05-07
1955,38,1,822.68,82.27,904.95,2025-05-08
1956,41,1,982.71,98.27,1080.98,2025-05-09
1957,8,5,645.33,64.53,709.86,2025-05-10
1958,11,1,553.34,55.33,608.67,2025-05-11
1959,22,3,890.57,89.06,979.63,2025-05-12
1960,24,4,957.27,95.73,1053.0,2025-05-13
1961,41,4,779.08,77.91,856.99,2025-05-14
1962,17,5,500.91,50.09,551.0,2025-05-15
1963,12,3,633.0,63.3,696.3,2025-05-16
1964,46,3,730.84,73.08,803.92,2025-05-17
1965,32,1,274.85,27.49,302.34,2025-05-18
1966,15,3,502.48,50.25,552.73,2025-05-19
1967,16,2,846.84,84.68,931.52,2025-05-20
1968,22,1,689.25,68.92,758.17,2025-05-21
1969,28,2,470.08,47.01,517.09,2025-05-22
1970,20,5,697.03,69.7,766.73,2025-05-23
1971,33,4,206.4,20.64,227.04,2025-05-24
1972,10,5,461.35,46.14,507.49,2025-05-25
1973,40,4,813.82,81.38,895.2,2025-05-26
1974,32,5,298.46,29.85,328.31,2025-05-27
1975,50,3,267.37,26.74,294.11,2025-05-28
1976,33,2,955.74,95.57,1051.31,2025-05-29
1977,2,4,288.91,28.89,317.8,2025-05-30
1978,33,1,334.83,33.48,368.31,2025-05-31
1979,33,2,972.65,97.26,1069.91,2025-06-01
1980,41,1,761.24,76.12,837.36,2025-06-02
1981,13,2,729.64,72.96,802.6,2025-06-03
1982,30,2,867.63,86.76,954.39,2025-06-04
1983,33,5,204.24,20.42,224.66,2025-06-05
1984,13,4,735.36,73.54,808.9,2025-06-06
1985,26,4,553.32,55.33,608.65,2025-06-07
1986,22,2,846.24,84.62,930.86,2025-06-08
1987,39,3,557.33,55.73,613.06,2025-06-09
1988,2,3,658.22,65.82,724.04,2025-06-10
1989,38,1,529.97,53.0,582.97,2025-06-11
1990,39,1,530.34,53.03,583.37,2025-06-12
1991,26,5,791.17,79.12,870.29,2025-06-13
1992,46,2,665.71,66.57,732.28,2025-06-14
1993,50,1,669.94,66.99,736.93,2025-06-15
1994,15,1,505.25,50.53,555.78,2025-06-16
1995,34,2,578.0,57.8,635.8,2025-06-17
1996,42,5,771.15,77.12,848.27,2025-06-18
1997,44,1,843.35,84.34,927.69,2025-06-19
1998,49,5,726.91,72.69,799.6,2025-06-20
1999,40,4,931.67,93.17,1024.84,2025-06-21
2000,11,5,838.29,83.83,922.12,2025-06-22
