id,customer_id,store_id,subtotal,tax_paid,order_total
1,39,5,747.24,74.72,821.96
2,29,3,606.99,60.7,667.69
3,15,3,484.75,48.48,533.23
4,43,1,393.7,39.37,433.07
5,8,1,855.69,85.57,941.26
6,21,1,229.43,22.94,252.37
7,39,2,487.09,48.71,535.8
8,19,4,913.38,91.34,1004.72
9,23,2,861.26,86.13,947.39
10,11,4,460.85,46.09,506.94
11,11,4,786.8,78.68,865.48
12,24,3,840.84,84.08,924.92
13,36,3,900.0,90.0,990.0
14,40,4,590.06,59.01,649.07
15,24,4,284.01,28.4,312.41
16,3,2,329.78,32.98,362.76
17,22,2,366.13,36.61,402.74
18,2,3,634.42,63.44,697.86
19,24,1,129.53,12.95,142.48
20,44,4,672.44,67.24,739.68
21,30,2,427.92,42.79,470.71
22,38,3,365.72,36.57,402.29
23,2,2,891.55,89.16,980.71
24,21,4,514.0,51.4,565.4
25,33,4,185.55,18.56,204.11
26,12,5,844.07,84.41,928.48
27,22,1,142.88,14.29,157.17
28,44,5,754.07,75.41,829.48
29,25,3,796.52,79.65,876.17
30,49,2,417.34,41.73,459.07
31,27,3,842.31,84.23,926.54
32,42,4,564.09,56.41,620.5
33,28,5,516.96,51.7,568.66
34,16,5,140.86,14.09,154.95
35,15,5,361.03,36.1,397.13
36,47,3,937.91,93.79,1031.7
37,44,4,452.64,45.26,497.9
38,3,2,592.03,59.2,651.23
39,37,2,578.82,57.88,636.7
40,7,3,631.39,63.14,694.53
41,21,5,155.2,15.52,170.72
42,9,1,425.96,42.6,468.56
43,39,3,750.82,75.08,825.9
44,18,3,280.5,28.05,308.55
45,4,4,283.22,28.32,311.54
46,25,2,109.08,10.91,119.99
47,14,3,493.73,49.37,543.1
48,50,3,894.46,89.45,983.91
49,9,5,146.71,14.67,161.38
50,26,5,272.01,27.2,299.21
51,2,1,379.08,37.91,416.99
52,20,4,758.55,75.86,834.41
53,28,1,676.57,67.66,744.23
54,47,5,474.35,47.44,521.79
55,7,2,783.16,78.32,861.48
56,44,5,648.67,64.87,713.54
57,8,4,906.44,90.64,997.08
58,47,5,836.22,83.62,919.84
59,35,4,327.53,32.75,360.28
60,14,4,344.29,34.43,378.72
61,17,4,212.82,21.28,234.1
62,36,4,403.27,40.33,443.6
63,50,4,999.59,99.96,1099.55
64,40,2,465.18,46.52,511.7
65,4,1,298.44,29.84,328.28
66,2,3,786.23,78.62,864.85
67,6,1,588.22,58.82,647.04
68,42,4,234.64,23.46,258.1
69,4,2,442.62,44.26,486.88
70,29,5,473.02,47.3,520.32
71,18,2,778.45,77.85,856.3
72,26,4,118.6,11.86,130.46
73,44,2,342.12,34.21,376.33
74,34,2,565.84,56.58,622.42
75,10,4,341.96,34.2,376.16
76,36,2,665.59,66.56,732.15
77,14,3,533.68,53.37,587.05
78,31,3,425.54,42.55,468.09
79,48,2,954.29,95.43,1049.72
80,15,5,668.94,66.89,735.83
81,8,4,216.95,21.7,238.65
82,14,3,604.08,60.41,664.49
83,23,5,802.66,80.27,882.93
84,40,2,737.64,73.76,811.4
85,21,5,254.88,25.49,280.37
86,16,1,975.18,97.52,1072.7
87,45,3,503.93,50.39,554.32
88,18,2,243.12,24.31,267.43
89,47,4,262.18,26.22,288.4
90,24,2,188.41,18.84,207.25
91,26,4,823.17,82.32,905.49
92,25,2,209.83,20.98,230.81
93,45,5,212.61,21.26,233.87
94,41,5,865.42,86.54,951.96
95,29,5,410.14,41.01,451.15
96,15,1,127.77,12.78,140.55
97,45,4,146.71,14.67,161.38
98,1,5,227.95,22.8,250.75
99,25,1,292.05,29.2,321.25
100,7,4,698.63,69.86,768.49
101,9,2,241.59,24.16,265.75
102,24,1,206.99,20.7,227.69
103,1,3,788.25,78.82,867.07
104,44,1,703.95,70.4,774.35
105,8,1,491.79,49.18,540.97
106,24,4,594.38,59.44,653.82
107,11,2,380.79,38.08,418.87
108,17,3,534.25,53.42,587.67
109,8,5,556.01,55.6,611.61
110,35,5,448.51,44.85,493.36
111,35,1,915.91,91.59,1007.5
112,33,4,114.46,11.45,125.91
113,5,4,803.95,80.4,884.35
114,42,5,211.94,21.19,233.13
115,39,3,817.79,81.78,899.57
116,41,2,654.32,65.43,719.75
117,28,3,858.95,85.9,944.85
118,7,2,187.76,18.78,206.54
119,9,5,603.08,60.31,663.39
120,8,2,550.98,55.1,606.08
121,12,4,735.57,73.56,809.13
122,34,1,580.86,58.09,638.95
123,33,1,586.66,58.67,645.33
124,48,5,486.64,48.66,535.3
125,23,4,377.95,37.8,415.75
126,24,3,534.04,53.4,587.44
127,37,4,206.64,20.66,227.3
128,35,1,965.36,96.54,1061.9
129,44,1,742.97,74.3,817.27
130,40,4,957.22,95.72,1052.94
131,22,4,304.05,30.4,334.45
132,27,1,891.41,89.14,980.55
133,35,3,827.91,82.79,910.7
134,1,5,709.44,70.94,780.38
135,35,5,662.53,66.25,728.78
136,37,4,384.89,38.49,423.38
137,47,5,834.77,83.48,918.25
138,14,1,551.36,55.14,606.5
139,3,1,163.8,16.38,180.18
140,1,4,381.58,38.16,419.74
141,5,4,941.77,94.18,1035.95
142,26,4,865.61,86.56,952.17
143,14,3,983.72,98.37,1082.09
144,39,5,665.19,66.52,731.71
145,27,4,322.76,32.28,355.04
146,9,2,246.53,24.65,271.18
147,15,2,268.22,26.82,295.04
148,15,1,117.82,11.78,129.6
149,26,5,451.61,45.16,496.77
150,42,4,272.28,27.23,299.51
151,13,2,470.49,47.05,517.54
152,32,5,941.49,94.15,1035.64
153,39,1,487.49,48.75,536.24
154,49,3,890.19,89.02,979.21
155,32,5,644.95,64.5,709.45
156,4,5,322.42,32.24,354.66
157,30,3,420.27,42.03,462.3
158,37,5,175.53,17.55,193.08
159,23,1,400.12,40.01,440.13
160,39,1,709.79,70.98,780.77
161,45,3,164.9,16.49,181.39
162,15,4,284.86,28.49,313.35
163,43,2,443.3,44.33,487.63
164,29,4,983.84,98.38,1082.22
165,36,5,806.38,80.64,887.02
166,13,2,760.14,76.01,836.15
167,32,3,204.57,20.46,225.03
168,7,3,802.9,80.29,883.19
169,22,2,806.74,80.67,887.41
170,28,1,640.99,64.1,705.09
171,2,2,991.33,99.13,1090.46
172,42,5,392.73,39.27,432.0
173,45,1,947.15,94.72,1041.87
174,6,3,923.26,92.33,1015.59
175,28,2,110.33,11.03,121.36
176,28,4,505.1,50.51,555.61
177,44,4,979.39,97.94,1077.33
178,44,5,192.81,19.28,212.09
179,20,4,593.01,59.3,652.31
180,30,2,981.06,98.11,1079.17
181,11,2,599.95,60.0,659.95
182,28,4,270.83,27.08,297.91
183,25,2,623.96,62.4,686.36
184,39,5,284.0,28.4,312.4
185,33,1,567.73,56.77,624.5
186,1,5,166.64,16.66,183.3
187,27,5,644.93,64.49,709.42
188,13,2,565.11,56.51,621.62
189,41,1,766.15,76.61,842.76
190,3,2,667.63,66.76,734.39
191,39,3,594.65,59.46,654.11
192,6,2,720.8,72.08,792.88
193,8,2,229.55,22.96,252.51
194,27,2,635.82,63.58,699.4
195,9,1,254.9,25.49,280.39
196,37,2,932.97,93.3,1026.27
197,33,1,161.5,16.15,177.65
198,42,4,487.34,48.73,536.07
199,44,3,726.22,72.62,798.84
200,24,1,512.22,51.22,563.44
201,15,4,182.89,18.29,201.18
202,32,1,598.04,59.8,657.84
203,32,1,677.47,67.75,745.22
204,24,3,733.41,73.34,806.75
205,41,5,435.93,43.59,479.52
206,49,5,607.29,60.73,668.02
207,49,1,505.62,50.56,556.18
208,12,2,704.85,70.48,775.33
209,39,4,625.2,62.52,687.72
210,2,2,573.18,57.32,630.5
211,3,2,324.57,32.46,357.03
212,49,1,101.82,10.18,112.0
213,37,1,256.67,25.67,282.34
214,49,1,205.36,20.54,225.9
215,17,1,504.18,50.42,554.6
216,49,5,651.03,65.1,716.13
217,2,1,291.78,29.18,320.96
218,2,5,945.15,94.52,1039.67
219,28,5,106.01,10.6,116.61
220,23,1,795.07,79.51,874.58
221,37,3,662.68,66.27,728.95
222,32,4,436.2,43.62,479.82
223,33,2,145.44,14.54,159.98
224,1,5,664.74,66.47,731.21
225,19,4,447.05,44.71,491.76
226,2,3,942.64,94.26,1036.9
227,44,2,587.79,58.78,646.57
228,26,2,945.69,94.57,1040.26
229,32,5,298.44,29.84,328.28
230,6,1,753.15,75.32,828.47
231,32,3,655.52,65.55,721.07
232,4,5,765.47,76.55,842.02
233,11,3,293.2,29.32,322.52
234,17,1,698.5,69.85,768.35
235,38,1,548.24,54.82,603.06
236,24,5,768.54,76.85,845.39
237,5,1,394.34,39.43,433.77
238,34,4,901.05,90.1,991.15
239,6,2,175.87,17.59,193.46
240,22,5,826.47,82.65,909.12
241,11,3,875.19,87.52,962.71
242,48,4,835.53,83.55,919.08
243,16,5,561.45,56.15,617.6
244,33,1,494.55,49.46,544.01
245,9,1,996.64,99.66,1096.3
246,6,1,306.25,30.62,336.87
247,16,1,592.19,59.22,651.41
248,29,3,703.61,70.36,773.97
249,3,4,730.78,73.08,803.86
250,20,2,283.62,28.36,311.98
251,36,3,688.59,68.86,757.45
252,19,3,836.53,83.65,920.18
253,26,2,145.02,14.5,159.52
254,3,2,920.37,92.04,1012.41
255,19,1,126.55,12.66,139.21
256,20,3,420.37,42.04,462.41
257,32,5,114.23,11.42,125.65
258,7,2,169.43,16.94,186.37
259,41,2,920.05,92.0,1012.05
260,33,4,419.37,41.94,461.31
261,40,5,482.29,48.23,530.52
262,39,5,293.81,29.38,323.19
263,18,2,637.39,63.74,701.13
264,40,1,635.32,63.53,698.85
265,1,4,434.98,43.5,478.48
266,11,5,399.73,39.97,439.7
267,28,2,896.47,89.65,986.12
268,25,5,444.96,44.5,489.46
269,50,4,544.15,54.42,598.57
270,23,4,354.97,35.5,390.47
271,31,3,808.09,80.81,888.9
272,30,2,457.7,45.77,503.47
273,42,4,562.25,56.22,618.47
274,35,3,328.02,32.8,360.82
275,7,3,988.89,98.89,1087.78
276,16,5,362.35,36.24,398.59
277,26,5,793.67,79.37,873.04
278,48,3,484.75,48.48,533.23
279,49,5,285.6,28.56,314.16
280,2,4,819.75,81.98,901.73
281,1,1,400.25,40.03,440.28
282,48,4,878.67,87.87,966.54
283,12,3,923.73,92.37,1016.1
284,5,3,873.84,87.38,961.22
285,37,4,131.51,13.15,144.66
286,32,5,808.64,80.86,889.5
287,9,5,470.21,47.02,517.23
288,41,3,886.35,88.64,974.99
289,35,2,674.16,67.42,741.58
290,19,5,850.28,85.03,935.31
291,48,4,549.49,54.95,604.44
292,16,5,581.52,58.15,639.67
293,3,4,229.95,23.0,252.95
294,20,3,805.59,80.56,886.15
295,24,5,477.45,47.74,525.19
296,33,4,550.07,55.01,605.08
297,24,3,806.59,80.66,887.25
298,11,2,638.96,63.9,702.86
299,49,4,280.99,28.1,309.09
300,8,2,631.21,63.12,694.33
301,36,2,466.87,46.69,513.56
302,38,1,522.57,52.26,574.83
303,40,5,125.48,12.55,138.03
304,20,4,289.03,28.9,317.93
305,35,2,352.93,35.29,388.22
306,48,1,741.66,74.17,815.83
307,25,3,110.34,11.03,121.37
308,35,4,467.9,46.79,514.69
309,25,2,931.62,93.16,1024.78
310,29,5,200.69,20.07,220.76
311,18,1,564.78,56.48,621.26
312,46,2,807.87,80.79,888.66
313,18,5,948.28,94.83,1043.11
314,2,2,772.1,77.21,849.31
315,35,4,748.51,74.85,823.36
316,16,4,843.84,84.38,928.22
317,41,4,501.58,50.16,551.74
318,36,1,825.26,82.53,907.79
319,33,4,107.17,10.72,117.89
320,4,5,932.1,93.21,1025.31
321,33,2,498.98,49.9,548.88
322,14,3,598.04,59.8,657.84
323,21,5,329.39,32.94,362.33
324,48,5,768.28,76.83,845.11
325,20,4,168.97,16.9,185.87
326,8,1,885.37,88.54,973.91
327,7,2,845.31,84.53,929.84
328,3,1,294.45,29.44,323.89
329,17,2,828.39,82.84,911.23
330,33,2,807.72,80.77,888.49
331,48,1,668.99,66.9,735.89
332,12,5,436.17,43.62,479.79
333,22,2,344.35,34.44,378.79
334,22,1,308.61,30.86,339.47
335,46,2,386.75,38.68,425.43
336,30,3,913.2,91.32,1004.52
337,38,5,169.88,16.99,186.87
338,38,4,845.98,84.6,930.58
339,45,2,414.0,41.4,455.4
340,8,3,569.44,56.94,626.38
341,27,4,815.04,81.5,896.54
342,27,4,895.94,89.59,985.53
343,34,2,410.3,41.03,451.33
344,21,1,515.66,51.57,567.23
345,30,2,473.06,47.31,520.37
346,33,3,111.93,11.19,123.12
347,28,4,366.35,36.64,402.99
348,47,2,513.27,51.33,564.6
349,33,1,469.98,47.0,516.98
350,5,2,749.74,74.97,824.71
351,48,5,446.32,44.63,490.95
352,19,1,540.44,54.04,594.48
353,4,3,486.65,48.66,535.31
354,35,4,766.56,76.66,843.22
355,49,2,876.68,87.67,964.35
356,17,1,578.7,57.87,636.57
357,44,5,810.49,81.05,891.54
358,28,1,367.11,36.71,403.82
359,30,5,587.23,58.72,645.95
360,29,3,410.71,41.07,451.78
361,46,4,472.78,47.28,520.06
362,6,3,759.17,75.92,835.09
363,35,2,893.5,89.35,982.85
364,41,1,209.35,20.94,230.29
365,37,5,671.18,67.12,738.3
366,24,5,623.93,62.39,686.32
367,29,1,206.57,20.66,227.23
368,49,1,290.7,29.07,319.77
369,46,2,379.9,37.99,417.89
370,31,3,250.24,25.02,275.26
371,35,5,319.36,31.94,351.3
372,33,2,340.84,34.08,374.92
373,21,3,402.11,40.21,442.32
374,32,2,774.45,77.45,851.9
375,23,5,614.72,61.47,676.19
376,33,1,987.62,98.76,1086.38
377,3,1,473.26,47.33,520.59
378,18,3,778.48,77.85,856.33
379,25,4,884.32,88.43,972.75
380,42,3,711.08,71.11,782.19
381,31,4,470.68,47.07,517.75
382,3,2,778.24,77.82,856.06
383,40,2,283.3,28.33,311.63
384,46,5,394.8,39.48,434.28
385,24,4,592.02,59.2,651.22
386,50,5,617.87,61.79,679.66
387,32,1,119.93,11.99,131.92
388,47,4,950.6,95.06,1045.66
389,22,3,726.96,72.7,799.66
390,23,1,546.13,54.61,600.74
391,2,1,939.81,93.98,1033.79
392,27,3,495.19,49.52,544.71
393,42,1,982.39,98.24,1080.63
394,2,4,561.06,56.11,617.17
395,26,5,202.86,20.29,223.15
396,17,1,788.32,78.83,867.15
397,40,4,711.01,71.1,782.11
398,33,2,795.69,79.57,875.26
399,9,4,956.3,95.63,1051.93
400,43,5,798.84,79.88,878.72
401,48,4,650.2,65.02,715.22
402,39,3,871.58,87.16,958.74
403,29,5,705.92,70.59,776.51
404,42,2,467.31,46.73,514.04
405,26,3,897.06,89.71,986.77
406,35,4,299.71,29.97,329.68
407,50,5,743.18,74.32,817.5
408,25,2,893.41,89.34,982.75
409,24,3,758.18,75.82,834.0
410,13,2,727.55,72.76,800.31
411,7,4,777.37,77.74,855.11
412,36,2,518.55,51.86,570.41
413,45,1,886.75,88.68,975.43
414,20,3,283.09,28.31,311.4
415,1,2,214.65,21.47,236.12
416,8,4,356.96,35.7,392.66
417,46,4,578.42,57.84,636.26
418,16,2,559.51,55.95,615.46
419,14,4,838.54,83.85,922.39
420,12,5,464.11,46.41,510.52
421,23,5,535.91,53.59,589.5
422,15,5,112.03,11.2,123.23
423,28,1,468.77,46.88,515.65
424,34,2,683.0,68.3,751.3
425,2,1,113.96,11.4,125.36
426,32,4,352.79,35.28,388.07
427,23,1,287.16,28.72,315.88
428,22,4,137.79,13.78,151.57
429,25,4,531.33,53.13,584.46
430,22,3,263.55,26.36,289.91
431,22,5,768.77,76.88,845.65
432,49,4,863.14,86.31,949.45
433,42,3,591.03,59.1,650.13
434,6,5,983.54,98.35,1081.89
435,15,4,505.43,50.54,555.97
436,43,4,562.03,56.2,618.23
437,37,1,990.3,99.03,1089.33
438,33,1,308.39,30.84,339.23
439,8,5,948.29,94.83,1043.12
440,44,4,138.55,13.86,152.41
441,44,2,501.75,50.18,551.93
442,5,1,163.0,16.3,179.3
443,39,5,756.31,75.63,831.94
444,4,4,647.57,64.76,712.33
445,6,4,735.97,73.6,809.57
446,45,2,437.03,43.7,480.73
447,32,5,432.53,43.25,475.78
448,30,4,140.79,14.08,154.87
449,47,1,414.95,41.5,456.45
450,35,2,936.36,93.64,1030.0
451,40,5,441.3,44.13,485.43
452,16,2,848.23,84.82,933.05
453,13,1,858.09,85.81,943.9
454,50,5,435.92,43.59,479.51
455,42,2,668.79,66.88,735.67
456,30,3,185.83,18.58,204.41
457,19,1,193.31,19.33,212.64
458,17,1,143.79,14.38,158.17
459,19,1,622.91,62.29,685.2
460,28,3,483.46,48.35,531.81
461,26,3,593.23,59.32,652.55
462,37,4,568.97,56.9,625.87
463,26,2,415.18,41.52,456.7
464,23,4,709.73,70.97,780.7
465,9,2,782.65,78.26,860.91
466,12,3,113.17,11.32,124.49
467,1,3,286.52,28.65,315.17
468,1,4,741.91,74.19,816.1
469,47,5,447.96,44.8,492.76
470,34,4,696.24,69.62,765.86
471,32,2,412.27,41.23,453.5
472,48,4,451.68,45.17,496.85
473,25,1,242.81,24.28,267.09
474,40,2,332.41,33.24,365.65
475,45,2,644.87,64.49,709.36
476,1,5,489.85,48.99,538.84
477,16,3,796.87,79.69,876.56
478,39,2,867.33,86.73,954.06
479,5,3,587.48,58.75,646.23
480,22,4,782.44,78.24,860.68
481,29,1,376.21,37.62,413.83
482,3,5,473.47,47.35,520.82
483,12,3,741.5,74.15,815.65
484,26,2,447.59,44.76,492.35
485,16,3,629.65,62.96,692.61
486,37,2,266.84,26.68,293.52
487,22,3,639.79,63.98,703.77
488,29,2,875.36,87.54,962.9
489,14,4,881.78,88.18,969.96
490,28,2,751.91,75.19,827.1
491,5,2,771.18,77.12,848.3
492,47,1,602.13,60.21,662.34
493,49,2,626.2,62.62,688.82
494,30,1,220.29,22.03,242.32
495,46,5,499.47,49.95,549.42
496,5,1,505.7,50.57,556.27
497,12,4,962.65,96.26,1058.91
498,16,1,487.98,48.8,536.78
499,26,5,594.41,59.44,653.85
500,26,4,579.93,57.99,637.92
501,48,3,673.09,67.31,740.4
502,21,3,773.41,77.34,850.75
503,39,1,302.54,30.25,332.79
504,36,1,575.85,57.59,633.44
505,33,5,843.33,84.33,927.66
506,30,5,516.8,51.68,568.48
507,37,2,350.61,35.06,385.67
508,23,5,689.24,68.92,758.16
509,10,2,841.39,84.14,925.53
510,5,4,156.83,15.68,172.51
511,36,1,799.11,79.91,879.02
512,34,4,839.48,83.95,923.43
513,31,5,515.37,51.54,566.91
514,10,4,984.98,98.5,1083.48
515,19,4,808.04,80.8,888.84
516,32,4,796.3,79.63,875.93
517,1,5,773.05,77.31,850.36
518,5,4,235.55,23.56,259.11
519,45,2,295.51,29.55,325.06
520,4,5,517.59,51.76,569.35
521,16,4,337.6,33.76,371.36
522,24,5,473.72,47.37,521.09
523,16,3,899.62,89.96,989.58
524,2,2,841.89,84.19,926.08
525,49,4,667.04,66.7,733.74
526,28,3,872.31,87.23,959.54
527,32,3,805.4,80.54,885.94
528,27,5,486.09,48.61,534.7
529,20,3,280.96,28.1,309.06
530,24,2,562.78,56.28,619.06
531,12,2,762.61,76.26,838.87
532,50,1,492.78,49.28,542.06
533,35,2,700.09,70.01,770.1
534,33,3,184.89,18.49,203.38
535,33,2,773.2,77.32,850.52
536,43,5,831.44,83.14,914.58
537,37,1,736.15,73.61,809.76
538,12,3,970.54,97.05,1067.59
539,3,1,843.99,84.4,928.39
540,1,3,912.78,91.28,1004.06
541,33,5,940.21,94.02,1034.23
542,40,1,821.21,82.12,903.33
543,10,4,706.83,70.68,777.51
544,43,3,105.15,10.52,115.67
545,44,4,519.24,51.92,571.16
546,29,1,614.05,61.4,675.45
547,13,4,373.63,37.36,410.99
548,12,4,386.29,38.63,424.92
549,31,1,965.04,96.5,1061.54
550,46,5,902.54,90.25,992.79
551,2,4,864.26,86.43,950.69
552,50,4,465.41,46.54,511.95
553,35,5,112.33,11.23,123.56
554,23,4,172.2,17.22,189.42
555,17,4,380.98,38.1,419.08
556,26,4,114.17,11.42,125.59
557,8,2,115.43,11.54,126.97
558,29,5,924.94,92.49,1017.43
559,26,4,735.54,73.55,809.09
560,10,5,378.06,37.81,415.87
561,26,3,219.38,21.94,241.32
562,34,3,560.47,56.05,616.52
563,41,4,104.81,10.48,115.29
564,7,5,944.57,94.46,1039.03
565,4,5,473.33,47.33,520.66
566,50,5,462.1,46.21,508.31
567,45,2,451.53,45.15,496.68
568,11,3,162.4,16.24,178.64
569,29,5,674.49,67.45,741.94
570,36,5,759.7,75.97,835.67
571,25,2,708.51,70.85,779.36
572,21,2,224.59,22.46,247.05
573,36,5,620.96,62.1,683.06
574,10,1,612.54,61.25,673.79
575,37,5,881.57,88.16,969.73
576,9,5,441.21,44.12,485.33
577,24,2,434.34,43.43,477.77
578,35,2,656.67,65.67,722.34
579,49,5,669.77,66.98,736.75
580,35,5,522.36,52.24,574.6
581,48,5,498.75,49.88,548.63
582,36,2,544.73,54.47,599.2
583,18,5,874.94,87.49,962.43
584,49,5,515.05,51.5,566.55
585,39,4,945.94,94.59,1040.53
586,32,1,553.6,55.36,608.96
587,24,3,954.28,95.43,1049.71
588,23,1,849.55,84.96,934.51
589,32,4,426.19,42.62,468.81
590,37,3,877.28,87.73,965.01
591,12,5,199.06,19.91,218.97
592,49,4,932.54,93.25,1025.79
593,13,5,668.48,66.85,735.33
594,23,2,148.95,14.9,163.85
595,25,4,679.83,67.98,747.81
596,35,2,976.82,97.68,1074.5
597,41,4,162.82,16.28,179.1
598,30,4,599.22,59.92,659.14
599,17,2,773.01,77.3,850.31
600,49,3,829.23,82.92,912.15
601,20,1,472.44,47.24,519.68
602,48,5,283.75,28.38,312.13
603,25,4,138.11,13.81,151.92
604,22,5,621.75,62.18,683.93
605,13,2,507.62,50.76,558.38
606,19,5,953.87,95.39,1049.26
607,49,2,154.54,15.45,169.99
608,36,5,716.86,71.69,788.55
609,12,1,122.47,12.25,134.72
610,41,1,254.29,25.43,279.72
611,19,1,508.22,50.82,559.04
612,12,1,509.39,50.94,560.33
613,9,1,717.13,71.71,788.84
614,7,1,919.19,91.92,1011.11
615,28,2,675.13,67.51,742.64
616,14,4,958.18,95.82,1054.0
617,31,5,893.45,89.35,982.8
618,19,1,626.05,62.6,688.65
619,47,2,850.41,85.04,935.45
620,16,2,678.32,67.83,746.15
621,5,2,170.7,17.07,187.77
622,35,4,766.51,76.65,843.16
623,12,5,185.42,18.54,203.96
624,25,4,634.67,63.47,698.14
625,21,3,732.38,73.24,805.62
626,36,2,159.87,15.99,175.86
627,23,3,307.72,30.77,338.49
628,16,1,924.11,92.41,1016.52
629,39,1,654.68,65.47,720.15
630,45,4,321.66,32.17,353.83
631,42,5,721.61,72.16,793.77
632,39,3,637.1,63.71,700.81
633,14,5,551.42,55.14,606.56
634,31,4,978.57,97.86,1076.43
635,5,1,715.11,71.51,786.62
636,35,5,437.9,43.79,481.69
637,23,5,820.07,82.01,902.08
638,29,1,896.12,89.61,985.73
639,43,3,212.7,21.27,233.97
640,11,1,280.5,28.05,308.55
641,18,5,294.6,29.46,324.06
642,47,3,722.09,72.21,794.3
643,12,3,642.74,64.27,707.01
644,9,1,657.09,65.71,722.8
645,10,5,946.7,94.67,1041.37
646,44,4,798.32,79.83,878.15
647,17,5,215.14,21.51,236.65
648,38,2,412.76,41.28,454.04
649,7,4,491.85,49.18,541.03
650,46,3,456.37,45.64,502.01
651,13,4,702.38,70.24,772.62
652,40,3,902.7,90.27,992.97
653,42,3,375.45,37.54,412.99
654,9,4,596.69,59.67,656.36
655,50,3,810.47,81.05,891.52
656,27,3,474.6,47.46,522.06
657,2,2,251.31,25.13,276.44
658,5,5,527.46,52.75,580.21
659,29,5,149.7,14.97,164.67
660,37,2,948.15,94.82,1042.97
661,38,4,167.34,16.73,184.07
662,19,1,494.61,49.46,544.07
663,8,1,576.89,57.69,634.58
664,48,1,986.77,98.68,1085.45
665,45,2,249.42,24.94,274.36
666,1,2,202.99,20.3,223.29
667,22,3,107.84,10.78,118.62
668,17,1,240.01,24.0,264.01
669,7,4,286.55,28.66,315.21
670,25,4,667.52,66.75,734.27
671,45,1,297.74,29.77,327.51
672,4,1,118.47,11.85,130.32
673,36,1,843.96,84.4,928.36
674,6,2,429.04,42.9,471.94
675,31,2,418.33,41.83,460.16
676,19,2,372.23,37.22,409.45
677,44,5,977.84,97.78,1075.62
678,39,4,253.1,25.31,278.41
679,27,4,908.41,90.84,999.25
680,10,3,799.12,79.91,879.03
681,26,2,168.83,16.88,185.71
682,19,5,988.06,98.81,1086.87
683,39,5,344.23,34.42,378.65
684,3,4,188.72,18.87,207.59
685,45,2,846.38,84.64,931.02
686,13,3,736.01,73.6,809.61
687,50,2,655.5,65.55,721.05
688,28,1,240.38,24.04,264.42
689,20,2,530.65,53.06,583.71
690,28,1,802.5,80.25,882.75
691,8,1,373.26,37.33,410.59
692,41,3,380.52,38.05,418.57
693,39,4,102.83,10.28,113.11
694,1,2,256.82,25.68,282.5
695,3,1,887.87,88.79,976.66
696,13,2,497.57,49.76,547.33
697,28,4,985.81,98.58,1084.39
698,49,4,456.14,45.61,501.75
699,25,5,743.67,74.37,818.04
700,33,4,353.73,35.37,389.1
701,38,3,427.43,42.74,470.17
702,6,1,271.65,27.16,298.81
703,44,5,412.36,41.24,453.6
704,45,3,592.51,59.25,651.76
705,32,2,992.6,99.26,1091.86
706,45,1,697.78,69.78,767.56
707,47,4,279.32,27.93,307.25
708,21,1,140.47,14.05,154.52
709,16,2,213.72,21.37,235.09
710,21,5,606.3,60.63,666.93
711,11,5,788.64,78.86,867.5
712,37,5,946.38,94.64,1041.02
713,36,4,114.24,11.42,125.66
714,35,3,570.48,57.05,627.53
715,19,3,523.78,52.38,576.16
716,20,1,690.45,69.04,759.49
717,18,4,603.62,60.36,663.98
718,47,5,718.34,71.83,790.17
719,41,5,692.27,69.23,761.5
720,49,2,205.31,20.53,225.84
721,14,2,819.75,81.98,901.73
722,15,5,210.91,21.09,232.0
723,31,5,728.68,72.87,801.55
724,1,4,474.53,47.45,521.98
725,3,3,562.47,56.25,618.72
726,16,2,912.97,91.3,1004.27
727,23,3,900.9,90.09,990.99
728,11,4,836.07,83.61,919.68
729,12,5,559.13,55.91,615.04
730,10,3,762.62,76.26,838.88
731,32,5,561.61,56.16,617.77
732,16,5,882.65,88.26,970.91
733,8,1,462.5,46.25,508.75
734,38,3,973.21,97.32,1070.53
735,12,3,939.09,93.91,1033.0
736,24,5,767.44,76.74,844.18
737,28,4,351.47,35.15,386.62
738,8,1,218.49,21.85,240.34
739,28,5,869.23,86.92,956.15
740,36,2,248.77,24.88,273.65
741,26,2,868.83,86.88,955.71
742,8,1,541.69,54.17,595.86
743,50,4,465.9,46.59,512.49
744,28,5,912.87,91.29,1004.16
745,28,3,643.47,64.35,707.82
746,37,1,618.95,61.9,680.85
747,41,4,602.89,60.29,663.18
748,36,3,434.05,43.4,477.45
749,27,2,807.08,80.71,887.79
750,17,2,327.52,32.75,360.27
751,9,3,945.01,94.5,1039.51
752,33,1,904.59,90.46,995.05
753,20,2,403.73,40.37,444.1
754,13,5,756.52,75.65,832.17
755,28,3,615.9,61.59,677.49
756,48,3,403.88,40.39,444.27
757,29,2,989.67,98.97,1088.64
758,13,1,122.71,12.27,134.98
759,46,5,327.38,32.74,360.12
760,35,1,568.07,56.81,624.88
761,6,4,569.76,56.98,626.74
762,18,4,630.04,63.0,693.04
763,5,2,776.51,77.65,854.16
764,47,2,661.13,66.11,727.24
765,25,2,640.25,64.03,704.28
766,2,4,148.16,14.82,162.98
767,10,1,438.88,43.89,482.77
768,30,1,308.85,30.89,339.74
769,50,2,338.83,33.88,372.71
770,45,5,598.9,59.89,658.79
771,5,1,279.55,27.96,307.51
772,33,4,364.55,36.46,401.01
773,1,3,313.38,31.34,344.72
774,18,3,953.65,95.36,1049.01
775,32,3,950.2,95.02,1045.22
776,47,5,648.95,64.9,713.85
777,49,2,932.07,93.21,1025.28
778,11,4,807.23,80.72,887.95
779,21,5,630.95,63.1,694.05
780,26,4,105.79,10.58,116.37
781,25,4,795.26,79.53,874.79
782,22,2,732.24,73.22,805.46
783,27,3,653.73,65.37,719.1
784,49,2,784.38,78.44,862.82
785,13,5,561.63,56.16,617.79
786,33,5,733.67,73.37,807.04
787,34,5,941.65,94.16,1035.81
788,41,2,438.22,43.82,482.04
789,35,4,737.31,73.73,811.04
790,1,4,528.12,52.81,580.93
791,21,1,706.96,70.7,777.66
792,48,5,786.6,78.66,865.26
793,6,4,140.91,14.09,155.0
794,28,1,681.94,68.19,750.13
795,17,4,304.07,30.41,334.48
796,5,5,703.03,70.3,773.33
797,31,3,521.5,52.15,573.65
798,5,5,796.2,79.62,875.82
799,38,2,211.06,21.11,232.17
800,3,4,663.69,66.37,730.06
801,23,4,350.62,35.06,385.68
802,37,2,867.68,86.77,954.45
803,37,2,935.55,93.56,1029.11
804,10,3,996.76,99.68,1096.44
805,10,4,816.41,81.64,898.05
806,19,4,778.36,77.84,856.2
807,17,3,293.95,29.4,323.35
808,21,1,402.41,40.24,442.65
809,14,3,519.11,51.91,571.02
810,9,5,796.04,79.6,875.64
811,46,4,923.47,92.35,1015.82
812,1,2,270.23,27.02,297.25
813,45,5,930.13,93.01,1023.14
814,13,4,726.06,72.61,798.67
815,4,3,649.69,64.97,714.66
816,1,5,279.86,27.99,307.85
817,49,4,149.97,15.0,164.97
818,40,1,611.62,61.16,672.78
819,32,1,686.36,68.64,755.0
820,34,2,289.7,28.97,318.67
821,28,4,600.81,60.08,660.89
822,31,1,870.84,87.08,957.92
823,8,3,851.56,85.16,936.72
824,39,4,934.62,93.46,1028.08
825,26,3,429.3,42.93,472.23
826,34,3,386.24,38.62,424.86
827,3,1,774.48,77.45,851.93
828,50,4,488.0,48.8,536.8
829,12,5,178.79,17.88,196.67
830,1,1,354.52,35.45,389.97
831,44,1,476.72,47.67,524.39
832,5,4,363.26,36.33,399.59
833,30,4,398.99,39.9,438.89
834,30,3,364.4,36.44,400.84
835,17,4,137.35,13.74,151.09
836,48,3,673.39,67.34,740.73
837,47,1,637.56,63.76,701.32
838,23,2,688.05,68.8,756.85
839,15,5,273.08,27.31,300.39
840,37,1,366.09,36.61,402.7
841,21,4,657.65,65.76,723.41
842,14,5,639.66,63.97,703.63
843,2,2,555.7,55.57,611.27
844,11,2,415.37,41.54,456.91
845,39,3,921.64,92.16,1013.8
846,38,5,405.79,40.58,446.37
847,34,3,510.06,51.01,561.07
848,38,1,710.3,71.03,781.33
849,50,5,588.72,58.87,647.59
850,34,1,412.2,41.22,453.42
851,18,3,492.08,49.21,541.29
852,30,5,815.03,81.5,896.53
853,15,3,350.32,35.03,385.35
854,27,5,228.03,22.8,250.83
855,34,3,381.85,38.18,420.03
856,38,2,864.58,86.46,951.04
857,33,3,180.09,18.01,198.1
858,24,2,992.53,99.25,1091.78
859,15,3,586.9,58.69,645.59
860,30,5,986.36,98.64,1085.0
861,42,5,945.1,94.51,1039.61
862,17,5,507.53,50.75,558.28
863,5,4,278.64,27.86,306.5
864,29,1,248.4,24.84,273.24
865,4,5,315.99,31.6,347.59
866,10,2,739.12,73.91,813.03
867,17,5,345.65,34.56,380.21
868,10,4,407.28,40.73,448.01
869,17,2,503.9,50.39,554.29
870,20,4,921.91,92.19,1014.1
871,24,2,270.45,27.04,297.49
872,5,3,104.52,10.45,114.97
873,34,1,154.09,15.41,169.5
874,6,1,914.29,91.43,1005.72
875,2,4,682.76,68.28,751.04
876,13,1,345.74,34.57,380.31
877,43,4,259.47,25.95,285.42
878,43,4,364.84,36.48,401.32
879,48,4,203.32,20.33,223.65
880,11,1,947.38,94.74,1042.12
881,47,4,805.79,80.58,886.37
882,23,1,516.15,51.62,567.77
883,16,4,878.47,87.85,966.32
884,31,5,324.51,32.45,356.96
885,11,4,745.41,74.54,819.95
886,16,2,870.52,87.05,957.57
887,8,4,421.09,42.11,463.2
888,4,3,781.72,78.17,859.89
889,40,4,365.57,36.56,402.13
890,4,2,368.97,36.9,405.87
891,25,2,196.35,19.64,215.99
892,3,1,496.05,49.6,545.65
893,32,5,756.74,75.67,832.41
894,3,4,946.2,94.62,1040.82
895,27,1,643.42,64.34,707.76
896,29,5,876.82,87.68,964.5
897,32,4,840.25,84.02,924.27
898,50,3,256.01,25.6,281.61
899,19,4,537.24,53.72,590.96
900,21,2,205.23,20.52,225.75
901,5,2,713.94,71.39,785.33
902,18,3,954.91,95.49,1050.4
903,28,1,223.38,22.34,245.72
904,42,5,760.49,76.05,836.54
905,22,4,669.01,66.9,735.91
906,21,2,625.24,62.52,687.76
907,6,1,451.11,45.11,496.22
908,1,3,419.62,41.96,461.58
909,5,2,140.72,14.07,154.79
910,41,3,296.12,29.61,325.73
911,12,4,113.66,11.37,125.03
912,26,5,623.28,62.33,685.61
913,46,2,195.27,19.53,214.8
914,34,2,885.72,88.57,974.29
915,49,4,570.83,57.08,627.91
916,14,1,729.72,72.97,802.69
917,26,5,469.77,46.98,516.75
918,45,2,604.52,60.45,664.97
919,27,5,948.39,94.84,1043.23
920,9,2,174.46,17.45,191.91
921,26,5,328.54,32.85,361.39
922,47,3,801.99,80.2,882.19
923,22,2,188.86,18.89,207.75
924,47,5,168.09,16.81,184.9
925,30,1,425.39,42.54,467.93
926,43,3,182.95,18.29,201.24
927,48,3,626.57,62.66,689.23
928,17,1,303.65,30.36,334.01
929,26,5,906.13,90.61,996.74
930,36,4,805.15,80.52,885.67
931,1,1,729.73,72.97,802.7
932,8,5,655.25,65.53,720.78
933,49,1,877.12,87.71,964.83
934,35,1,300.76,30.08,330.84
935,15,2,885.8,88.58,974.38
936,47,5,810.54,81.05,891.59
937,22,4,773.34,77.33,850.67
938,14,2,605.13,60.51,665.64
939,26,1,321.62,32.16,353.78
940,28,1,481.19,48.12,529.31
941,23,1,814.21,81.42,895.63
942,14,5,128.6,12.86,141.46
943,24,5,803.85,80.39,884.24
944,2,2,316.06,31.61,347.67
945,45,4,229.88,22.99,252.87
946,26,2,204.13,20.41,224.54
947,14,3,124.53,12.45,136.98
948,7,1,571.23,57.12,628.35
949,3,1,296.43,29.64,326.07
950,47,1,990.49,99.05,1089.54
951,23,2,616.99,61.7,678.69
952,46,2,224.1,22.41,246.51
953,43,1,719.89,71.99,791.88
954,47,2,907.97,90.8,998.77
955,45,5,770.66,77.07,847.73
956,18,5,168.8,16.88,185.68
957,38,2,906.3,90.63,996.93
958,35,1,814.54,81.45,895.99
959,15,2,242.47,24.25,266.72
960,25,2,146.61,14.66,161.27
961,37,2,601.58,60.16,661.74
962,28,3,240.43,24.04,264.47
963,10,5,851.13,85.11,936.24
964,39,4,422.5,42.25,464.75
965,17,4,921.6,92.16,1013.76
966,39,3,609.12,60.91,670.03
967,22,2,264.41,26.44,290.85
968,26,3,225.64,22.56,248.2
969,44,3,618.83,61.88,680.71
970,25,1,785.7,78.57,864.27
971,17,5,803.36,80.34,883.7
972,13,4,348.18,34.82,383.0
973,20,2,283.82,28.38,312.2
974,25,4,115.08,11.51,126.59
975,4,4,711.28,71.13,782.41
976,10,5,168.91,16.89,185.8
977,3,4,478.69,47.87,526.56
978,41,4,641.51,64.15,705.66
979,45,3,943.4,94.34,1037.74
980,18,5,380.62,38.06,418.68
981,47,1,324.79,32.48,357.27
982,36,2,688.74,68.87,757.61
983,47,4,657.32,65.73,723.05
984,22,2,398.9,39.89,438.79
985,34,1,935.29,93.53,1028.82
986,47,2,860.38,86.04,946.42
987,8,1,301.58,30.16,331.74
988,40,3,315.23,31.52,346.75
989,49,4,561.07,56.11,617.18
990,44,1,796.21,79.62,875.83
991,19,2,139.64,13.96,153.6
992,42,4,724.0,72.4,796.4
993,41,3,683.41,68.34,751.75
994,37,4,308.33,30.83,339.16
995,6,1,713.22,71.32,784.54
996,26,3,946.16,94.62,1040.78
997,34,2,142.11,14.21,156.32
998,45,3,387.69,38.77,426.46
999,6,3,494.36,49.44,543.8
1000,37,5,909.33,90.93,1000.26
1001,33,3,966.04,96.6,1062.64
1002,22,3,499.7,49.97,549.67
1003,21,4,775.03,77.5,852.53
1004,6,2,578.49,57.85,636.34
1005,6,4,584.0,58.4,642.4
1006,48,4,350.29,35.03,385.32
1007,4,1,295.26,29.53,324.79
1008,30,4,359.2,35.92,395.12
1009,11,5,600.7,60.07,660.77
1010,30,5,126.24,12.62,138.86
1011,31,1,916.52,91.65,1008.17
1012,24,2,240.66,24.07,264.73
1013,9,2,298.08,29.81,327.89
1014,3,4,566.45,56.65,623.1
1015,31,4,739.1,73.91,813.01
1016,40,4,186.16,18.62,204.78
1017,37,2,385.93,38.59,424.52
1018,36,3,971.81,97.18,1068.99
1019,24,5,336.11,33.61,369.72
1020,31,3,381.75,38.18,419.93
1021,6,3,852.85,85.29,938.14
1022,2,2,145.19,14.52,159.71
1023,20,3,518.15,51.82,569.97
1024,28,1,441.66,44.17,485.83
1025,11,4,384.93,38.49,423.42
1026,4,1,357.13,35.71,392.84
1027,15,5,182.24,18.22,200.46
1028,6,4,383.34,38.33,421.67
1029,49,3,138.75,13.88,152.63
1030,30,5,802.87,80.29,883.16
1031,38,4,458.41,45.84,504.25
1032,2,3,499.51,49.95,549.46
1033,15,1,904.24,90.42,994.66
1034,11,4,692.25,69.23,761.48
1035,8,3,107.25,10.73,117.98
1036,26,1,948.86,94.89,1043.75
1037,45,5,313.43,31.34,344.77
1038,44,5,196.85,19.69,216.54
1039,5,5,791.32,79.13,870.45
1040,6,5,550.43,55.04,605.47
1041,26,2,490.39,49.04,539.43
1042,4,4,324.55,32.46,357.01
1043,19,4,592.72,59.27,651.99
1044,20,2,346.95,34.7,381.65
1045,33,3,911.42,91.14,1002.56
1046,20,3,293.68,29.37,323.05
1047,49,5,895.92,89.59,985.51
1048,12,1,603.46,60.35,663.81
1049,47,3,845.64,84.56,930.2
1050,1,1,741.56,74.16,815.72
1051,26,4,727.03,72.7,799.73
1052,14,1,391.91,39.19,431.1
1053,38,4,310.51,31.05,341.56
1054,37,2,289.8,28.98,318.78
1055,11,2,871.47,87.15,958.62
1056,36,5,838.38,83.84,922.22
1057,13,3,496.52,49.65,546.17
1058,43,5,219.16,21.92,241.08
1059,3,4,444.03,44.4,488.43
1060,33,5,657.41,65.74,723.15
1061,6,1,508.96,50.9,559.86
1062,50,4,802.17,80.22,882.39
1063,10,2,997.86,99.79,1097.65
1064,5,3,272.02,27.2,299.22
1065,23,4,513.69,51.37,565.06
1066,10,4,487.89,48.79,536.68
1067,44,1,374.04,37.4,411.44
1068,2,3,278.29,27.83,306.12
1069,13,2,159.12,15.91,175.03
1070,40,4,898.41,89.84,988.25
1071,2,4,477.86,47.79,525.65
1072,20,1,547.21,54.72,601.93
1073,1,5,925.25,92.52,1017.77
1074,37,2,798.66,79.87,878.53
1075,9,3,217.45,21.74,239.19
1076,17,4,608.88,60.89,669.77
1077,9,4,498.03,49.8,547.83
1078,11,2,817.49,81.75,899.24
1079,15,5,751.81,75.18,826.99
1080,24,4,721.37,72.14,793.51
1081,38,2,406.49,40.65,447.14
1082,35,1,824.47,82.45,906.92
1083,30,5,147.15,14.72,161.87
1084,31,3,243.66,24.37,268.03
1085,49,4,402.06,40.21,442.27
1086,5,2,169.13,16.91,186.04
1087,44,1,311.49,31.15,342.64
1088,50,3,847.14,84.71,931.85
1089,14,2,953.43,95.34,1048.77
1090,11,2,374.14,37.41,411.55
1091,9,3,338.06,33.81,371.87
1092,34,1,351.9,35.19,387.09
1093,12,1,349.95,34.99,384.94
1094,35,5,132.34,13.23,145.57
1095,35,4,934.22,93.42,1027.64
1096,1,3,292.33,29.23,321.56
1097,40,3,478.0,47.8,525.8
1098,22,3,108.72,10.87,119.59
1099,29,1,872.16,87.22,959.38
1100,8,4,758.04,75.8,833.84
1101,11,5,952.08,95.21,1047.29
1102,41,2,803.45,80.35,883.8
1103,37,2,382.34,38.23,420.57
1104,14,3,323.09,32.31,355.4
1105,30,4,727.94,72.79,800.73
1106,35,1,427.7,42.77,470.47
1107,21,4,609.59,60.96,670.55
1108,37,4,105.63,10.56,116.19
1109,5,1,155.7,15.57,171.27
1110,19,3,581.83,58.18,640.01
1111,14,4,609.46,60.95,670.41
1112,26,2,776.31,77.63,853.94
1113,4,1,218.77,21.88,240.65
1114,25,5,561.86,56.19,618.05
1115,45,3,275.0,27.5,302.5
1116,42,1,183.88,18.39,202.27
1117,25,5,469.45,46.94,516.39
1118,18,5,247.0,24.7,271.7
1119,40,4,299.6,29.96,329.56
1120,8,4,385.8,38.58,424.38
1121,39,4,333.45,33.34,366.79
1122,40,1,178.83,17.88,196.71
1123,14,1,180.92,18.09,199.01
1124,32,3,273.92,27.39,301.31
1125,38,4,145.5,14.55,160.05
1126,33,5,663.81,66.38,730.19
1127,23,2,358.59,35.86,394.45
1128,15,3,351.77,35.18,386.95
1129,33,1,398.8,39.88,438.68
1130,25,3,696.52,69.65,766.17
1131,17,3,883.57,88.36,971.93
1132,33,3,783.18,78.32,861.5
1133,47,3,754.78,75.48,830.26
1134,2,2,535.95,53.6,589.55
1135,14,4,724.43,72.44,796.87
1136,40,5,597.49,59.75,657.24
1137,40,3,294.63,29.46,324.09
1138,39,3,287.73,28.77,316.5
1139,6,3,366.75,36.68,403.43
1140,6,4,919.72,91.97,1011.69
1141,3,1,592.67,59.27,651.94
1142,7,1,760.51,76.05,836.56
1143,8,2,411.9,41.19,453.09
1144,42,1,466.94,46.69,513.63
1145,15,3,213.01,21.3,234.31
1146,47,3,254.17,25.42,279.59
1147,29,3,844.62,84.46,929.08
1148,33,2,626.35,62.64,688.99
1149,30,3,403.78,40.38,444.16
1150,39,1,822.57,82.26,904.83
1151,27,4,321.87,32.19,354.06
1152,36,4,978.43,97.84,1076.27
1153,29,5,410.34,41.03,451.37
1154,38,1,403.58,40.36,443.94
1155,33,3,380.72,38.07,418.79
1156,37,4,209.9,20.99,230.89
1157,27,1,200.02,20.0,220.02
1158,33,4,683.29,68.33,751.62
1159,4,3,887.61,88.76,976.37
1160,22,4,811.47,81.15,892.62
1161,2,5,227.0,22.7,249.7
1162,10,5,591.02,59.1,650.12
1163,5,4,195.03,19.5,214.53
1164,10,1,140.77,14.08,154.85
1165,33,1,690.75,69.08,759.83
1166,38,1,581.64,58.16,639.8
1167,13,4,173.82,17.38,191.2
1168,31,1,131.45,13.14,144.59
1169,47,3,990.78,99.08,1089.86
1170,36,5,127.02,12.7,139.72
1171,45,3,500.08,50.01,550.09
1172,24,1,554.16,55.42,609.58
1173,15,3,205.55,20.56,226.11
1174,29,1,252.16,25.22,277.38
1175,8,4,416.62,41.66,458.28
1176,5,3,785.51,78.55,864.06
1177,29,4,556.37,55.64,612.01
1178,47,4,674.11,67.41,741.52
1179,4,2,986.66,98.67,1085.33
1180,12,1,791.2,79.12,870.32
1181,45,5,490.93,49.09,540.02
1182,2,1,501.8,50.18,551.98
1183,27,5,656.89,65.69,722.58
1184,31,1,698.83,69.88,768.71
1185,36,4,550.64,55.06,605.7
1186,36,3,680.38,68.04,748.42
1187,26,3,121.18,12.12,133.3
1188,43,2,486.66,48.67,535.33
1189,27,5,351.04,35.1,386.14
1190,5,5,216.26,21.63,237.89
1191,20,5,189.59,18.96,208.55
1192,11,4,642.87,64.29,707.16
1193,10,5,571.24,57.12,628.36
1194,40,3,328.23,32.82,361.05
1195,38,4,523.86,52.39,576.25
1196,6,1,543.01,54.3,597.31
1197,8,5,275.51,27.55,303.06
1198,23,5,686.88,68.69,755.57
1199,47,1,802.83,80.28,883.11
1200,26,5,812.32,81.23,893.55
1201,46,1,642.22,64.22,706.44
1202,43,4,560.47,56.05,616.52
1203,12,3,154.91,15.49,170.4
1204,26,1,359.05,35.9,394.95
1205,13,2,183.94,18.39,202.33
1206,40,1,967.44,96.74,1064.18
1207,18,5,221.57,22.16,243.73
1208,25,4,236.6,23.66,260.26
1209,33,4,900.62,90.06,990.68
1210,47,1,949.54,94.95,1044.49
1211,40,3,789.25,78.93,868.18
1212,43,2,104.86,10.49,115.35
1213,12,4,101.21,10.12,111.33
1214,44,5,440.29,44.03,484.32
1215,36,5,229.06,22.91,251.97
1216,48,3,116.55,11.66,128.21
1217,4,4,517.66,51.77,569.43
1218,5,1,948.76,94.88,1043.64
1219,37,5,391.44,39.14,430.58
1220,8,3,695.03,69.5,764.53
1221,42,4,687.01,68.7,755.71
1222,49,4,325.97,32.6,358.57
1223,28,4,685.38,68.54,753.92
1224,31,4,291.1,29.11,320.21
1225,9,4,209.81,20.98,230.79
1226,29,5,731.24,73.12,804.36
1227,14,3,202.1,20.21,222.31
1228,40,4,997.22,99.72,1096.94
1229,41,2,265.11,26.51,291.62
1230,22,2,634.73,63.47,698.2
1231,11,3,470.24,47.02,517.26
1232,23,1,213.75,21.38,235.13
1233,1,1,125.06,12.51,137.57
1234,46,1,660.46,66.05,726.51
1235,37,2,826.08,82.61,908.69
1236,21,1,857.81,85.78,943.59
1237,26,5,534.44,53.44,587.88
1238,46,4,799.71,79.97,879.68
1239,36,2,705.56,70.56,776.12
1240,23,3,751.83,75.18,827.01
1241,1,3,543.34,54.33,597.67
1242,40,4,670.07,67.01,737.08
1243,15,2,824.97,82.5,907.47
1244,21,1,458.1,45.81,503.91
1245,47,1,825.38,82.54,907.92
1246,9,5,632.82,63.28,696.1
1247,9,5,249.31,24.93,274.24
1248,10,1,122.22,12.22,134.44
1249,26,3,426.48,42.65,469.13
1250,41,3,592.03,59.2,651.23
1251,35,5,855.84,85.58,941.42
1252,25,4,214.74,21.47,236.21
1253,26,1,820.19,82.02,902.21
1254,11,5,876.71,87.67,964.38
1255,38,5,235.62,23.56,259.18
1256,2,1,866.43,86.64,953.07
1257,7,1,992.31,99.23,1091.54
1258,18,3,754.15,75.42,829.57
1259,27,4,806.29,80.63,886.92
1260,34,4,994.97,99.5,1094.47
1261,27,1,644.93,64.49,709.42
1262,17,2,377.1,37.71,414.81
1263,43,5,853.78,85.38,939.16
1264,44,5,653.04,65.3,718.34
1265,24,1,623.08,62.31,685.39
1266,25,2,328.27,32.83,361.1
1267,7,3,780.7,78.07,858.77
1268,6,1,173.5,17.35,190.85
1269,24,1,931.86,93.19,1025.05
1270,33,5,393.24,39.32,432.56
1271,49,1,215.0,21.5,236.5
1272,29,1,498.13,49.81,547.94
1273,43,1,138.22,13.82,152.04
1274,22,5,716.16,71.62,787.78
1275,26,3,912.43,91.24,1003.67
1276,28,3,853.54,85.35,938.89
1277,50,1,214.63,21.46,236.09
1278,21,5,213.64,21.36,235.0
1279,49,3,832.09,83.21,915.3
1280,7,3,931.83,93.18,1025.01
1281,17,3,514.6,51.46,566.06
1282,20,5,549.07,54.91,603.98
1283,41,5,386.44,38.64,425.08
1284,49,1,904.84,90.48,995.32
1285,20,4,680.41,68.04,748.45
1286,22,3,359.43,35.94,395.37
1287,28,4,368.9,36.89,405.79
1288,40,5,902.08,90.21,992.29
1289,49,5,112.27,11.23,123.5
1290,7,5,390.45,39.04,429.49
1291,1,4,598.92,59.89,658.81
1292,32,5,233.4,23.34,256.74
1293,13,1,182.89,18.29,201.18
1294,30,5,833.75,83.38,917.13
1295,23,2,904.96,90.5,995.46
1296,19,4,841.25,84.12,925.37
1297,32,2,908.91,90.89,999.8
1298,30,5,597.8,59.78,657.58
1299,29,1,831.03,83.1,914.13
1300,49,3,445.64,44.56,490.2
1301,45,5,699.64,69.96,769.6
1302,29,1,989.95,99.0,1088.95
1303,30,4,303.15,30.32,333.47
1304,16,2,450.91,45.09,496.0
1305,40,2,532.04,53.2,585.24
1306,19,2,224.21,22.42,246.63
1307,18,4,172.93,17.29,190.22
1308,1,1,846.75,84.68,931.43
1309,14,4,979.11,97.91,1077.02
1310,47,2,464.25,46.42,510.67
1311,50,5,178.88,17.89,196.77
1312,2,3,159.23,15.92,175.15
1313,28,4,902.19,90.22,992.41
1314,49,4,517.43,51.74,569.17
1315,50,1,388.02,38.8,426.82
1316,30,1,528.82,52.88,581.7
1317,38,4,386.47,38.65,425.12
1318,4,2,540.13,54.01,594.14
1319,1,3,873.6,87.36,960.96
1320,8,1,633.07,63.31,696.38
1321,29,2,725.19,72.52,797.71
1322,39,5,428.2,42.82,471.02
1323,3,1,764.66,76.47,841.13
1324,32,2,699.96,70.0,769.96
1325,10,2,207.61,20.76,228.37
1326,10,3,615.38,61.54,676.92
1327,19,3,331.07,33.11,364.18
1328,46,5,823.69,82.37,906.06
1329,34,2,483.34,48.33,531.67
1330,33,2,995.22,99.52,1094.74
1331,23,3,183.25,18.32,201.57
1332,28,1,802.31,80.23,882.54
1333,32,1,706.33,70.63,776.96
1334,50,4,790.75,79.08,869.83
1335,7,3,376.78,37.68,414.46
1336,29,4,542.85,54.28,597.13
1337,8,3,816.86,81.69,898.55
1338,1,5,309.29,30.93,340.22
1339,3,2,303.43,30.34,333.77
1340,24,5,595.95,59.6,655.55
1341,23,3,571.21,57.12,628.33
1342,8,2,354.04,35.4,389.44
1343,47,1,368.27,36.83,405.1
1344,37,1,350.06,35.01,385.07
1345,3,4,794.36,79.44,873.8
1346,33,3,686.71,68.67,755.38
1347,28,3,849.18,84.92,934.1
1348,47,1,977.93,97.79,1075.72
1349,8,5,526.75,52.68,579.43
1350,34,2,160.02,16.0,176.02
1351,35,5,143.28,14.33,157.61
1352,32,5,366.1,36.61,402.71
1353,24,1,939.29,93.93,1033.22
1354,14,1,570.89,57.09,627.98
1355,32,1,344.61,34.46,379.07
1356,46,4,459.25,45.92,505.17
1357,43,5,638.74,63.87,702.61
1358,16,3,687.65,68.76,756.41
1359,4,2,238.53,23.85,262.38
1360,37,4,979.33,97.93,1077.26
1361,21,3,590.3,59.03,649.33
1362,14,5,222.12,22.21,244.33
1363,31,1,904.27,90.43,994.7
1364,48,5,167.17,16.72,183.89
1365,18,2,916.96,91.7,1008.66
1366,7,4,996.91,99.69,1096.6
1367,10,4,730.39,73.04,803.43
1368,7,2,793.4,79.34,872.74
1369,33,3,403.57,40.36,443.93
1370,23,3,947.42,94.74,1042.16
1371,21,4,576.74,57.67,634.41
1372,19,4,759.15,75.92,835.07
1373,48,1,931.7,93.17,1024.87
1374,19,3,977.66,97.77,1075.43
1375,36,2,849.88,84.99,934.87
1376,29,3,372.72,37.27,409.99
1377,18,1,969.89,96.99,1066.88
1378,2,4,665.31,66.53,731.84
1379,1,4,937.58,93.76,1031.34
1380,47,1,708.49,70.85,779.34
1381,5,2,376.52,37.65,414.17
1382,20,4,433.02,43.3,476.32
1383,11,5,595.42,59.54,654.96
1384,42,4,811.01,81.1,892.11
1385,2,5,386.18,38.62,424.8
1386,3,1,621.76,62.18,683.94
1387,23,1,411.06,41.11,452.17
1388,12,4,834.19,83.42,917.61
1389,20,3,520.06,52.01,572.07
1390,5,5,169.05,16.9,185.95
1391,37,2,249.45,24.94,274.39
1392,38,4,154.99,15.5,170.49
1393,30,2,549.37,54.94,604.31
1394,9,4,195.7,19.57,215.27
1395,34,3,202.73,20.27,223.0
1396,44,3,946.94,94.69,1041.63
1397,35,3,885.39,88.54,973.93
1398,22,3,506.88,50.69,557.57
1399,44,1,987.22,98.72,1085.94
1400,24,1,100.17,10.02,110.19
1401,17,5,652.58,65.26,717.84
1402,10,2,654.79,65.48,720.27
1403,30,4,511.7,51.17,562.87
1404,46,4,457.25,45.72,502.97
1405,23,1,509.84,50.98,560.82
1406,32,4,473.46,47.35,520.81
1407,17,1,757.44,75.74,833.18
1408,50,5,221.82,22.18,244.0
1409,17,2,277.88,27.79,305.67
1410,14,5,262.47,26.25,288.72
1411,9,3,336.22,33.62,369.84
1412,40,3,572.73,57.27,630.0
1413,2,3,200.09,20.01,220.1
1414,45,5,881.35,88.14,969.49
1415,25,4,367.63,36.76,404.39
1416,39,2,246.28,24.63,270.91
1417,9,3,708.06,70.81,778.87
1418,22,3,134.28,13.43,147.71
1419,43,3,657.97,65.8,723.77
1420,46,2,728.38,72.84,801.22
1421,4,3,293.42,29.34,322.76
1422,26,2,137.77,13.78,151.55
1423,29,3,427.28,42.73,470.01
1424,45,5,188.73,18.87,207.6
1425,34,5,204.83,20.48,225.31
1426,23,2,328.84,32.88,361.72
1427,37,5,365.92,36.59,402.51
1428,11,2,576.97,57.7,634.67
1429,6,5,710.55,71.05,781.6
1430,18,5,633.49,63.35,696.84
1431,21,2,233.52,23.35,256.87
1432,42,4,254.88,25.49,280.37
1433,36,5,890.89,89.09,979.98
1434,41,3,602.52,60.25,662.77
1435,38,4,882.94,88.29,971.23
1436,34,2,434.39,43.44,477.83
1437,17,4,652.96,65.3,718.26
1438,37,1,571.3,57.13,628.43
1439,25,1,387.21,38.72,425.93
1440,38,5,522.92,52.29,575.21
1441,12,5,552.24,55.22,607.46
1442,23,3,280.69,28.07,308.76
1443,42,4,383.51,38.35,421.86
1444,22,1,812.27,81.23,893.5
1445,21,5,924.21,92.42,1016.63
1446,27,4,423.81,42.38,466.19
1447,31,5,376.28,37.63,413.91
1448,6,5,275.68,27.57,303.25
1449,27,1,710.64,71.06,781.7
1450,40,1,390.79,39.08,429.87
1451,34,5,988.97,98.9,1087.87
1452,12,2,393.12,39.31,432.43
1453,45,5,454.72,45.47,500.19
1454,7,5,643.0,64.3,707.3
1455,10,3,821.52,82.15,903.67
1456,45,3,522.57,52.26,574.83
1457,17,3,480.39,48.04,528.43
1458,26,2,996.07,99.61,1095.68
1459,21,2,109.44,10.94,120.38
1460,28,5,905.56,90.56,996.12
1461,46,3,234.23,23.42,257.65
1462,2,2,807.33,80.73,888.06
1463,43,1,656.14,65.61,721.75
1464,1,5,407.66,40.77,448.43
1465,36,4,886.49,88.65,975.14
1466,26,5,111.62,11.16,122.78
1467,29,4,304.02,30.4,334.42
1468,21,3,610.2,61.02,671.22
1469,11,4,416.39,41.64,458.03
1470,40,3,649.34,64.93,714.27
1471,11,1,121.7,12.17,133.87
1472,36,4,204.81,20.48,225.29
1473,49,5,214.39,21.44,235.83
1474,39,3,270.36,27.04,297.4
1475,40,5,513.4,51.34,564.74
1476,35,2,776.92,77.69,854.61
1477,34,3,914.98,91.5,1006.48
1478,47,4,851.84,85.18,937.02
1479,24,3,277.2,27.72,304.92
1480,22,5,497.04,49.7,546.74
1481,5,1,279.47,27.95,307.42
1482,33,3,338.02,33.8,371.82
1483,36,4,553.19,55.32,608.51
1484,47,2,161.3,16.13,177.43
1485,20,1,296.36,29.64,326.0
1486,19,2,941.84,94.18,1036.02
1487,35,3,519.5,51.95,571.45
1488,43,5,500.85,50.09,550.94
1489,17,5,113.11,11.31,124.42
1490,45,4,322.66,32.27,354.93
1491,43,5,879.66,87.97,967.63
1492,34,1,248.17,24.82,272.99
1493,9,5,473.61,47.36,520.97
1494,26,4,112.9,11.29,124.19
1495,2,3,530.5,53.05,583.55
1496,9,3,118.92,11.89,130.81
1497,9,5,837.65,83.76,921.41
1498,40,2,842.37,84.24,926.61
1499,17,3,808.97,80.9,889.87
1500,1,5,355.03,35.5,390.53
1501,25,4,853.51,85.35,938.86
1502,43,5,588.7,58.87,647.57
1503,40,3,436.43,43.64,480.07
1504,42,4,662.8,66.28,729.08
1505,25,5,111.11,11.11,122.22
1506,39,1,228.66,22.87,251.53
1507,35,4,768.06,76.81,844.87
1508,3,1,319.75,31.98,351.73
1509,50,2,638.21,63.82,702.03
1510,37,4,446.59,44.66,491.25
1511,44,1,869.33,86.93,956.26
1512,44,3,957.17,95.72,1052.89
1513,30,3,895.21,89.52,984.73
1514,38,2,343.56,34.36,377.92
1515,34,4,274.75,27.48,302.23
1516,12,4,526.99,52.7,579.69
1517,19,4,106.6,10.66,117.26
1518,37,2,123.23,12.32,135.55
1519,44,4,597.96,59.8,657.76
1520,49,3,568.4,56.84,625.24
1521,17,1,995.12,99.51,1094.63
1522,10,3,281.66,28.17,309.83
1523,49,3,332.29,33.23,365.52
1524,47,1,202.19,20.22,222.41
1525,12,3,925.79,92.58,1018.37
1526,16,2,800.03,80.0,880.03
1527,24,1,840.11,84.01,924.12
1528,19,3,912.49,91.25,1003.74
1529,8,5,572.41,57.24,629.65
1530,31,3,506.07,50.61,556.68
1531,21,2,397.35,39.74,437.09
1532,17,4,630.29,63.03,693.32
1533,23,3,508.85,50.89,559.74
1534,37,4,506.41,50.64,557.05
1535,16,5,943.24,94.32,1037.56
1536,6,3,985.63,98.56,1084.19
1537,8,1,816.84,81.68,898.52
1538,25,4,781.08,78.11,859.19
1539,18,5,712.5,71.25,783.75
1540,25,1,249.47,24.95,274.42
1541,12,1,153.2,15.32,168.52
1542,15,1,721.65,72.17,793.82
1543,26,1,755.91,75.59,831.5
1544,41,3,142.28,14.23,156.51
1545,45,3,935.25,93.52,1028.77
1546,26,3,182.03,18.2,200.23
1547,47,5,357.31,35.73,393.04
1548,32,5,705.15,70.52,775.67
1549,10,5,252.89,25.29,278.18
1550,16,2,149.87,14.99,164.86
1551,7,5,398.03,39.8,437.83
1552,17,3,789.37,78.94,868.31
1553,23,3,472.31,47.23,519.54
1554,26,2,687.68,68.77,756.45
1555,21,2,621.66,62.17,683.83
1556,22,5,120.0,12.0,132.0
1557,7,4,989.69,98.97,1088.66
1558,14,2,137.29,13.73,151.02
1559,15,1,971.02,97.1,1068.12
1560,7,3,594.88,59.49,654.37
1561,9,1,966.84,96.68,1063.52
1562,48,3,203.28,20.33,223.61
1563,8,3,541.37,54.14,595.51
1564,50,2,252.55,25.26,277.81
1565,23,2,145.88,14.59,160.47
1566,29,1,655.78,65.58,721.36
1567,18,3,287.01,28.7,315.71
1568,31,1,628.93,62.89,691.82
1569,30,4,201.13,20.11,221.24
1570,39,1,398.79,39.88,438.67
1571,35,5,803.47,80.35,883.82
1572,18,1,493.35,49.34,542.69
1573,42,5,664.97,66.5,731.47
1574,39,5,682.71,68.27,750.98
1575,17,5,859.38,85.94,945.32
1576,14,4,392.43,39.24,431.67
1577,31,1,718.57,71.86,790.43
1578,24,1,965.45,96.55,1062.0
1579,35,4,757.22,75.72,832.94
1580,44,3,540.88,54.09,594.97
1581,45,2,667.65,66.76,734.41
1582,34,1,765.71,76.57,842.28
1583,3,2,651.05,65.1,716.15
1584,37,4,115.01,11.5,126.51
1585,43,3,275.3,27.53,302.83
1586,40,3,829.42,82.94,912.36
1587,26,3,345.39,34.54,379.93
1588,23,4,758.41,75.84,834.25
1589,44,5,434.91,43.49,478.4
1590,39,5,569.7,56.97,626.67
1591,15,2,161.18,16.12,177.3
1592,49,5,263.1,26.31,289.41
1593,4,5,961.48,96.15,1057.63
1594,29,3,901.12,90.11,991.23
1595,22,3,687.05,68.7,755.75
1596,25,2,513.68,51.37,565.05
1597,13,1,708.19,70.82,779.01
1598,18,2,656.75,65.68,722.43
1599,33,2,611.7,61.17,672.87
1600,16,4,153.26,15.33,168.59
1601,45,4,669.52,66.95,736.47
1602,42,2,792.03,79.2,871.23
1603,44,2,994.67,99.47,1094.14
1604,2,2,109.97,11.0,120.97
1605,35,5,757.16,75.72,832.88
1606,42,4,614.61,61.46,676.07
1607,34,2,490.65,49.06,539.71
1608,30,3,214.81,21.48,236.29
1609,13,3,468.18,46.82,515.0
1610,13,5,418.94,41.89,460.83
1611,18,5,372.55,37.26,409.81
1612,32,1,757.79,75.78,833.57
1613,32,1,730.65,73.06,803.71
1614,35,1,630.12,63.01,693.13
1615,39,5,944.8,94.48,1039.28
1616,46,5,414.87,41.49,456.36
1617,29,5,319.42,31.94,351.36
1618,49,3,690.31,69.03,759.34
1619,29,5,278.93,27.89,306.82
1620,44,3,383.51,38.35,421.86
1621,16,1,302.14,30.21,332.35
1622,44,1,162.24,16.22,178.46
1623,47,1,844.75,84.48,929.23
1624,10,2,329.09,32.91,362.0
1625,30,2,525.72,52.57,578.29
1626,25,4,138.98,13.9,152.88
1627,39,4,729.41,72.94,802.35
1628,20,4,397.5,39.75,437.25
1629,5,2,770.26,77.03,847.29
1630,1,2,471.16,47.12,518.28
1631,30,4,276.18,27.62,303.8
1632,49,4,561.86,56.19,618.05
1633,3,5,217.45,21.74,239.19
1634,45,4,496.49,49.65,546.14
1635,14,5,385.57,38.56,424.13
1636,30,3,920.76,92.08,1012.84
1637,50,2,154.84,15.48,170.32
1638,4,4,724.62,72.46,797.08
1639,18,2,264.48,26.45,290.93
1640,37,2,387.14,38.71,425.85
1641,25,2,473.96,47.4,521.36
1642,48,3,917.21,91.72,1008.93
1643,1,1,318.32,31.83,350.15
1644,46,4,182.18,18.22,200.4
1645,15,1,386.82,38.68,425.5
1646,9,1,194.21,19.42,213.63
1647,15,1,215.74,21.57,237.31
1648,49,2,616.47,61.65,678.12
1649,24,5,154.81,15.48,170.29
1650,4,2,127.84,12.78,140.62
1651,12,2,742.97,74.3,817.27
1652,37,1,425.48,42.55,468.03
1653,37,2,212.84,21.28,234.12
1654,43,1,328.25,32.83,361.08
1655,6,5,677.88,67.79,745.67
1656,39,4,347.98,34.8,382.78
1657,46,1,545.07,54.51,599.58
1658,24,5,209.53,20.95,230.48
1659,11,4,629.28,62.93,692.21
1660,13,3,384.47,38.45,422.92
1661,34,1,664.27,66.43,730.7
1662,25,1,827.56,82.76,910.32
1663,7,3,650.48,65.05,715.53
1664,4,3,366.17,36.62,402.79
1665,8,1,330.17,33.02,363.19
1666,20,3,394.68,39.47,434.15
1667,29,2,248.16,24.82,272.98
1668,45,4,263.05,26.31,289.36
1669,46,4,811.62,81.16,892.78
1670,10,4,446.26,44.63,490.89
1671,43,2,492.4,49.24,541.64
1672,34,3,634.64,63.46,698.1
1673,26,5,630.69,63.07,693.76
1674,41,3,160.64,16.06,176.7
1675,49,1,848.39,84.84,933.23
1676,3,4,259.59,25.96,285.55
1677,6,3,750.76,75.08,825.84
1678,5,5,795.4,79.54,874.94
1679,5,1,743.41,74.34,817.75
1680,47,2,621.08,62.11,683.19
1681,23,2,113.15,11.32,124.47
1682,49,5,424.34,42.43,466.77
1683,9,1,644.36,64.44,708.8
1684,35,4,448.71,44.87,493.58
1685,20,3,877.13,87.71,964.84
1686,49,1,377.92,37.79,415.71
1687,42,2,364.18,36.42,400.6
1688,35,5,339.4,33.94,373.34
1689,50,5,399.5,39.95,439.45
1690,18,3,601.66,60.17,661.83
1691,17,5,736.31,73.63,809.94
1692,24,5,696.31,69.63,765.94
1693,3,1,826.95,82.7,909.65
1694,32,4,897.32,89.73,987.05
1695,35,3,834.47,83.45,917.92
1696,38,1,117.05,11.7,128.75
1697,13,4,762.33,76.23,838.56
1698,47,1,287.56,28.76,316.32
1699,25,1,219.64,21.96,241.6
1700,9,5,674.64,67.46,742.1
1701,4,4,387.77,38.78,426.55
1702,14,3,151.41,15.14,166.55
1703,37,3,223.87,22.39,246.26
1704,34,4,100.84,10.08,110.92
1705,11,5,912.9,91.29,1004.19
1706,41,2,122.16,12.22,134.38
1707,3,1,288.51,28.85,317.36
1708,28,5,474.64,47.46,522.1
1709,29,4,420.91,42.09,463.0
1710,9,1,920.55,92.06,1012.61
1711,3,3,136.26,13.63,149.89
1712,25,2,560.99,56.1,617.09
1713,34,3,712.43,71.24,783.67
1714,12,4,938.53,93.85,1032.38
1715,42,1,658.33,65.83,724.16
1716,9,4,823.38,82.34,905.72
1717,15,1,175.35,17.54,192.89
1718,40,5,447.35,44.74,492.09
1719,25,2,436.55,43.66,480.21
1720,5,5,897.66,89.77,987.43
1721,11,5,236.23,23.62,259.85
1722,34,4,236.7,23.67,260.37
1723,24,2,395.7,39.57,435.27
1724,15,1,149.02,14.9,163.92
1725,38,1,264.21,26.42,290.63
1726,8,3,968.69,96.87,1065.56
1727,5,1,485.37,48.54,533.91
1728,48,4,668.82,66.88,735.7
1729,26,5,753.5,75.35,828.85
1730,18,5,430.27,43.03,473.3
1731,6,5,232.5,23.25,255.75
1732,37,2,285.92,28.59,314.51
1733,48,1,381.94,38.19,420.13
1734,13,4,672.46,67.25,739.71
1735,28,2,458.45,45.84,504.29
1736,5,3,106.13,10.61,116.74
1737,13,4,571.07,57.11,628.18
1738,17,4,929.36,92.94,1022.3
1739,50,4,830.87,83.09,913.96
1740,40,5,842.69,84.27,926.96
1741,45,4,815.55,81.56,897.11
1742,32,1,391.36,39.14,430.5
1743,29,4,788.67,78.87,867.54
1744,3,5,228.85,22.88,251.73
1745,40,4,691.94,69.19,761.13
1746,34,3,677.41,67.74,745.15
1747,40,3,123.01,12.3,135.31
1748,27,5,809.17,80.92,890.09
1749,13,1,912.92,91.29,1004.21
1750,45,1,340.67,34.07,374.74
1751,33,2,831.15,83.12,914.27
1752,6,5,174.17,17.42,191.59
1753,24,4,639.97,64.0,703.97
1754,19,5,537.08,53.71,590.79
1755,16,2,591.33,59.13,650.46
1756,40,5,933.58,93.36,1026.94
1757,28,5,884.18,88.42,972.6
1758,33,2,806.58,80.66,887.24
1759,48,1,346.33,34.63,380.96
1760,41,4,920.64,92.06,1012.7
1761,13,2,187.76,18.78,206.54
1762,43,3,868.0,86.8,954.8
1763,45,1,395.34,39.53,434.87
1764,25,3,148.4,14.84,163.24
1765,42,1,702.42,70.24,772.66
1766,36,4,308.15,30.82,338.97
1767,27,4,319.21,31.92,351.13
1768,38,5,375.44,37.54,412.98
1769,7,3,157.32,15.73,173.05
1770,5,1,259.41,25.94,285.35
1771,43,4,104.63,10.46,115.09
1772,45,2,500.87,50.09,550.96
1773,31,4,175.83,17.58,193.41
1774,23,2,714.39,71.44,785.83
1775,42,1,312.06,31.21,343.27
1776,10,4,949.22,94.92,1044.14
1777,32,4,884.13,88.41,972.54
1778,43,1,360.5,36.05,396.55
1779,30,4,804.89,80.49,885.38
1780,39,2,822.92,82.29,905.21
1781,31,4,987.91,98.79,1086.7
1782,18,3,638.06,63.81,701.87
1783,36,5,173.77,17.38,191.15
1784,2,2,682.15,68.22,750.37
1785,14,3,662.48,66.25,728.73
1786,13,1,674.52,67.45,741.97
1787,29,2,376.43,37.64,414.07
1788,12,5,873.71,87.37,961.08
1789,39,5,963.52,96.35,1059.87
1790,2,1,295.94,29.59,325.53
1791,32,1,179.34,17.93,197.27
1792,13,2,275.08,27.51,302.59
1793,46,4,838.5,83.85,922.35
1794,27,1,708.98,70.9,779.88
1795,49,4,672.44,67.24,739.68
1796,41,3,461.61,46.16,507.77
1797,17,5,620.05,62.0,682.05
1798,40,4,377.09,37.71,414.8
1799,31,5,529.48,52.95,582.43
1800,34,4,813.76,81.38,895.14
1801,24,3,983.12,98.31,1081.43
1802,45,1,939.24,93.92,1033.16
1803,35,3,940.48,94.05,1034.53
1804,48,1,462.0,46.2,508.2
1805,6,1,521.91,52.19,574.1
1806,19,5,735.07,73.51,808.58
1807,30,3,929.97,93.0,1022.97
1808,7,4,227.79,22.78,250.57
1809,10,3,373.82,37.38,411.2
1810,41,5,225.32,22.53,247.85
1811,32,1,650.81,65.08,715.89
1812,34,5,375.67,37.57,413.24
1813,28,2,393.5,39.35,432.85
1814,15,2,163.82,16.38,180.2
1815,30,4,414.82,41.48,456.3
1816,37,5,876.25,87.62,963.87
1817,29,4,309.77,30.98,340.75
1818,22,4,725.67,72.57,798.24
1819,4,2,666.67,66.67,733.34
1820,20,4,877.14,87.71,964.85
1821,32,2,219.06,21.91,240.97
1822,36,1,979.83,97.98,1077.81
1823,50,5,624.37,62.44,686.81
1824,4,4,995.93,99.59,1095.52
1825,27,2,920.36,92.04,1012.4
1826,17,3,299.37,29.94,329.31
1827,12,4,150.55,15.06,165.61
1828,22,1,330.08,33.01,363.09
1829,17,1,574.81,57.48,632.29
1830,10,3,254.44,25.44,279.88
1831,1,2,250.71,25.07,275.78
1832,22,4,516.33,51.63,567.96
1833,26,2,129.94,12.99,142.93
1834,18,1,209.7,20.97,230.67
1835,50,2,474.28,47.43,521.71
1836,14,1,156.82,15.68,172.5
1837,47,2,457.08,45.71,502.79
1838,29,3,526.61,52.66,579.27
1839,12,5,506.14,50.61,556.75
1840,36,3,882.26,88.23,970.49
1841,35,3,577.06,57.71,634.77
1842,12,5,521.18,52.12,573.3
1843,7,5,469.64,46.96,516.6
1844,29,4,835.86,83.59,919.45
1845,11,4,905.55,90.56,996.11
1846,33,3,867.92,86.79,954.71
1847,6,3,706.19,70.62,776.81
1848,47,1,223.63,22.36,245.99
1849,15,1,349.18,34.92,384.1
1850,32,4,141.46,14.15,155.61
1851,11,4,937.74,93.77,1031.51
1852,23,1,694.72,69.47,764.19
1853,26,1,771.73,77.17,848.9
1854,34,2,380.41,38.04,418.45
1855,46,2,861.09,86.11,947.2
1856,34,1,333.64,33.36,367.0
1857,29,2,101.48,10.15,111.63
1858,4,5,438.77,43.88,482.65
1859,17,4,613.69,61.37,675.06
1860,35,4,530.83,53.08,583.91
1861,13,1,875.87,87.59,963.46
1862,41,3,194.86,19.49,214.35
1863,39,1,598.44,59.84,658.28
1864,15,2,561.68,56.17,617.85
1865,29,3,353.25,35.33,388.58
1866,29,2,840.01,84.0,924.01
1867,11,5,777.56,77.76,855.32
1868,32,2,759.57,75.96,835.53
1869,2,5,888.57,88.86,977.43
1870,47,5,750.51,75.05,825.56
1871,14,2,308.66,30.87,339.53
1872,20,2,735.01,73.5,808.51
1873,22,5,376.93,37.69,414.62
1874,11,3,317.96,31.8,349.76
1875,27,5,165.7,16.57,182.27
1876,3,4,769.63,76.96,846.59
1877,17,5,739.9,73.99,813.89
1878,44,3,311.05,31.11,342.16
1879,28,4,774.44,77.44,851.88
1880,29,1,926.06,92.61,1018.67
1881,21,1,197.23,19.72,216.95
1882,47,3,309.37,30.94,340.31
1883,16,5,775.23,77.52,852.75
1884,37,2,347.06,34.71,381.77
1885,20,3,662.2,66.22,728.42
1886,6,4,173.05,17.31,190.36
1887,19,4,506.98,50.7,557.68
1888,5,1,765.18,76.52,841.7
1889,3,4,717.86,71.79,789.65
1890,1,3,833.56,83.36,916.92
1891,38,4,889.71,88.97,978.68
1892,15,3,795.87,79.59,875.46
1893,34,2,704.43,70.44,774.87
1894,35,1,128.55,12.86,141.41
1895,49,4,581.47,58.15,639.62
1896,25,3,133.93,13.39,147.32
1897,24,5,827.26,82.73,909.99
1898,12,1,388.65,38.86,427.51
1899,18,2,606.19,60.62,666.81
1900,15,3,351.5,35.15,386.65
1901,44,2,804.25,80.43,884.68
1902,16,2,897.85,89.79,987.64
1903,27,4,458.78,45.88,504.66
1904,8,4,876.63,87.66,964.29
1905,46,3,340.37,34.04,374.41
1906,25,5,581.19,58.12,639.31
1907,17,3,872.89,87.29,960.18
1908,29,5,393.29,39.33,432.62
1909,8,2,958.64,95.86,1054.5
1910,15,1,209.69,20.97,230.66
1911,27,3,116.45,11.65,128.1
1912,46,3,913.72,91.37,1005.09
1913,50,5,161.78,16.18,177.96
1914,7,2,992.7,99.27,1091.97
1915,3,2,956.26,95.63,1051.89
1916,29,5,223.32,22.33,245.65
1917,44,2,583.83,58.38,642.21
1918,24,4,266.43,26.64,293.07
1919,3,1,485.34,48.53,533.87
1920,20,3,155.28,15.53,170.81
1921,46,1,301.53,30.15,331.68
1922,15,3,426.95,42.7,469.65
1923,25,4,494.78,49.48,544.26
1924,30,2,979.75,97.98,1077.73
1925,14,5,827.08,82.71,909.79
1926,7,4,763.67,76.37,840.04
1927,17,1,583.34,58.33,641.67
1928,44,5,856.0,85.6,941.6
1929,20,2,405.39,40.54,445.93
1930,36,4,738.01,73.8,811.81
1931,9,5,994.41,99.44,1093.85
1932,38,4,383.17,38.32,421.49
1933,48,4,706.62,70.66,777.28
1934,22,2,859.88,85.99,945.87
1935,2,3,924.23,92.42,1016.65
1936,24,5,746.14,74.61,820.75
1937,8,2,355.25,35.52,390.77
1938,11,4,393.65,39.36,433.01
1939,13,2,118.68,11.87,130.55
1940,17,3,784.8,78.48,863.28
1941,8,5,138.47,13.85,152.32
1942,21,3,878.19,87.82,966.01
1943,18,1,206.79,20.68,227.47
1944,30,5,254.69,25.47,280.16
1945,18,3,528.87,52.89,581.76
1946,46,4,764.09,76.41,840.5
1947,47,5,225.1,22.51,247.61
1948,31,5,496.06,49.61,545.67
1949,38,2,534.57,53.46,588.03
1950,32,4,291.06,29.11,320.17
1951,11,1,204.0,20.4,224.4
1952,45,3,852.78,85.28,938.06
1953,25,2,552.22,55.22,607.44
1954,33,3,112.94,11.29,124.23
1955,38,1,822.68,82.27,904.95
1956,41,1,982.71,98.27,1080.98
1957,8,5,645.33,64.53,709.86
1958,11,1,553.34,55.33,608.67
1959,22,3,890.57,89.06,979.63
1960,24,4,957.27,95.73,1053.0
1961,41,4,779.08,77.91,856.99
1962,17,5,500.91,50.09,551.0
1963,12,3,633.0,63.3,696.3
1964,46,3,730.84,73.08,803.92
1965,32,1,274.85,27.49,302.34
1966,15,3,502.48,50.25,552.73
1967,16,2,846.84,84.68,931.52
1968,22,1,689.25,68.92,758.17
1969,28,2,470.08,47.01,517.09
1970,20,5,697.03,69.7,766.73
1971,33,4,206.4,20.64,227.04
1972,10,5,461.35,46.14,507.49
1973,40,4,813.82,81.38,895.2
1974,32,5,298.46,29.85,328.31
1975,50,3,267.37,26.74,294.11
1976,33,2,955.74,95.57,1051.31
1977,2,4,288.91,28.89,317.8
1978,33,1,334.83,33.48,368.31
1979,33,2,972.65,97.26,1069.91
1980,41,1,761.24,76.12,837.36
1981,13,2,729.64,72.96,802.6
1982,30,2,867.63,86.76,954.39
1983,33,5,204.24,20.42,224.66
1984,13,4,735.36,73.54,808.9
1985,26,4,553.32,55.33,608.65
1986,22,2,846.24,84.62,930.86
1987,39,3,557.33,55.73,613.06
1988,2,3,658.22,65.82,724.04
1989,38,1,529.97,53.0,582.97
1990,39,1,530.34,53.03,583.37
1991,26,5,791.17,79.12,870.29
1992,46,2,665.71,66.57,732.28
1993,50,1,669.94,66.99,736.93
1994,15,1,505.25,50.53,555.78
1995,34,2,578.0,57.8,635.8
1996,42,5,771.15,77.12,848.27
1997,44,1,843.35,84.34,927.69
1998,49,5,726.91,72.69,799.6
1999,40,4,931.67,93.17,1024.84
2000,11,5,838.29,83.83,922.12
